review,Price
The price is really good for such a high-quality hoodie!,1
Great value for money. I love my new sweater.,1
Totally worth the price. This hoodie is both stylish and comfortable.,1
Affordable and excellent quality. I’m very happy with my purchase.,1
I was surprised by how great the quality is for the price I paid.,1
This sweater is such a bargain! I’ll definitely buy more.,1
The price was just right for this cozy hoodie.,1
I got a great deal on this sweater. It’s very well made.,1
"For the price, this hoodie exceeded my expectations.",1
You can't beat the price for this level of comfort and style.,1
I’m impressed with the quality for such a low price.,1
"The sweater feels premium, yet it was very affordable.",1
"I love the hoodie, and the price made it even better.",1
Excellent value. This sweater is worth every penny.,1
Good quality for a great price. Highly recommended.,1
I’m so happy with my purchase. The price was fantastic.,1
I couldn’t believe how cheap this was for such great quality.,1
Best purchase I've made recently. Excellent price.,1
This hoodie is very well-priced for the quality you get.,1
I found the perfect sweater at a perfect price.,1
I’m very pleased with the price and quality of this hoodie.,1
A great addition to my wardrobe at a very reasonable price.,1
Affordable and stylish. I love my new sweater.,1
This hoodie is worth much more than what I paid.,1
Fantastic price for a very comfortable sweater.,1
You get a lot for your money with this hoodie.,1
Very pleased with the quality considering the low price.,1
The price was unbeatable for such a stylish sweater.,1
A great find at a great price. I love this hoodie.,1
Incredible quality for a budget-friendly price.,1
The sweater is very affordable and looks great.,1
I couldn’t be happier with the price I paid for this hoodie.,1
An excellent sweater for the price. Highly recommend.,1
This hoodie was a steal for the price I paid.,1
Great quality and an amazing price.,1
I got a fantastic deal on this hoodie.,1
The price made this purchase a no-brainer.,1
Excellent value for such a stylish sweater.,1
"I love the hoodie, and the price was perfect.",1
You can't go wrong with this sweater at this price.,1
The hoodie is very high quality for the price.,1
I’m very impressed with the affordability and quality.,1
This sweater is a great deal for the price.,1
Great price for such a warm and cozy hoodie.,1
I’m very satisfied with the price I paid.,1
The quality is amazing for the price I got it at.,1
Excellent sweater for a very reasonable price.,1
The price made this hoodie even more attractive.,1
This sweater was very affordable and very stylish.,1
"I’m happy with my purchase, especially for the price.",1
The hoodie is a great buy for the price.,1
Fantastic sweater for a fantastic price.,1
I got a great deal on this hoodie.,1
The price was just right for this great sweater.,1
Very good quality for such a low price.,1
This hoodie is definitely worth the price.,1
I’m impressed by how affordable this sweater is.,1
Great value for the price I paid.,1
The price was the best part of this purchase.,1
"I love the hoodie, and the price was very reasonable.",1
The sweater is very stylish and affordable.,1
I couldn’t believe the price for such great quality.,1
This hoodie is a great value for the money.,1
I’m very happy with the quality and price.,1
The sweater was very reasonably priced.,1
Great quality for the price I paid.,1
This hoodie was a great bargain.,1
I got an amazing deal on this sweater.,1
The price is unbeatable for this quality.,1
I love how affordable this hoodie is.,1
This sweater is a great value.,1
The price made this purchase a great choice.,1
Very good hoodie for the price.,1
I’m very pleased with the price and quality.,1
This sweater was a great find at this price.,1
The hoodie is stylish and well-priced.,1
I’m happy with the quality for the price.,1
Great quality for a great price.,1
The sweater is very affordable and high quality.,1
I’m very satisfied with the price of this hoodie.,1
This sweater is worth every cent.,1
The price was perfect for this hoodie.,1
"I love the sweater, especially at this price.",1
Great price for such a comfortable hoodie.,1
This sweater is very reasonably priced.,1
I couldn’t be happier with the price.,1
The hoodie was very affordable and stylish.,1
I got a fantastic deal on this sweater.,1
The price was great for such good quality.,1
This hoodie is very well-priced.,1
I’m impressed with the price and quality.,1
The sweater is a great value for the price.,1
I’m very happy with the price I paid.,1
Great price for such a stylish hoodie.,1
This sweater is worth more than I paid.,1
"I love the hoodie, and the price was a bonus.",1
This sweater is a steal at this price.,1
I’m very pleased with the affordability.,1
Great quality for such a low price.,1
The price made this hoodie an excellent purchase.,1
The price is too high for the quality of this hoodie.,1
Overpriced for such a poorly made sweater.,1
Not worth the price at all. Very disappointed.,1
I expected better quality for the price I paid.,1
Too expensive for what you get. This hoodie is not worth it.,1
The price was way too high for such a basic sweater.,1
I feel like I overpaid for this hoodie.,1
This sweater is overpriced for the quality.,1
Not worth the money. Very cheap material.,1
The price does not match the quality of this hoodie.,1
I regret buying this sweater at such a high price.,1
Too pricey for such mediocre quality.,1
This hoodie is not worth the price I paid.,1
I’m disappointed with the quality given the price.,1
The sweater is too expensive for what it is.,1
I paid too much for this hoodie.,1
Overpriced and not very comfortable.,1
The price is too high for such a flimsy sweater.,1
I feel like I got ripped off. Not worth the price.,1
This hoodie is not worth the high price.,1
The sweater is way too expensive for the quality.,1
Too costly for such poor quality.,1
I’m not happy with the price I paid for this hoodie.,1
The price does not justify the quality.,1
I overpaid for this low-quality sweater.,1
Not worth the high price tag.,1
This hoodie is overpriced and not well-made.,1
The sweater is not worth the price at all.,1
I feel like I wasted my money on this hoodie.,1
Too expensive for such low quality.,1
The price is too high for this mediocre sweater.,1
Not worth the cost. Very disappointed.,1
The hoodie is overpriced for what you get.,1
I’m not satisfied with the price I paid.,1
The sweater is too pricey for the quality.,1
I expected more for the price I paid.,1
This hoodie is not worth the high cost.,1
The price does not match the quality at all.,1
Overpriced and disappointing quality.,1
I regret spending so much on this sweater.,1
Too costly for such a poorly made hoodie.,1
The sweater is not worth the high price.,1
I overpaid for this hoodie. Not satisfied.,1
The price is too high for such a basic sweater.,1
This hoodie is overpriced and cheaply made.,1
I feel like I wasted my money on this sweater.,1
Not worth the price at all.,1
The quality does not justify the price.,1
Too expensive for such mediocre quality.,1
I regret paying so much for this hoodie.,1
The sweater is too pricey for what you get.,1
This hoodie is not worth the cost.,1
Overpriced and not well-made.,1
The price is too high for such a low-quality sweater.,1
I’m not happy with the price I paid.,1
Too costly for such a poorly made hoodie.,1
I feel like I overpaid for this sweater.,1
The hoodie is overpriced for the quality.,1
Not worth the money. Very disappointing.,1
The price does not match the quality at all.,1
Too expensive for such a basic hoodie.,1
I regret buying this sweater at such a high price.,1
Overpriced and not very comfortable.,1
The sweater is too expensive for the quality.,1
I feel like I got ripped off. Not worth the price.,1
The hoodie is not worth the high price.,1
Too costly for such poor quality.,1
I’m disappointed with the quality given the price.,1
The sweater is way too expensive for what you get.,1
I paid too much for this hoodie.,1
The price is too high for such a flimsy sweater.,1
I’m not satisfied with the price I paid.,1
This hoodie is not worth the price at all.,1
Overpriced and cheaply made.,1
I feel like I wasted my money on this sweater.,1
Too expensive for such low quality.,1
The price is too high for this mediocre hoodie.,1
Not worth the cost. Very disappointing.,1
The sweater is overpriced for what you get.,1
I’m not happy with the price I paid for this hoodie.,1
The price does not justify the quality.,1
I overpaid for this low-quality sweater.,1
Not worth the high price tag.,1
This hoodie is overpriced and not well-made.,1
The sweater is not worth the price at all.,1
I regret spending so much on this hoodie.,1
Too costly for such poorly made sweater.,1
The price is too high for such a basic hoodie.,1
I feel like I wasted my money on this sweater.,1
Overpriced and disappointing quality.,1
This hoodie is not worth the high cost.,1
The price does not match the quality at all.,1
Too expensive for such mediocre quality.,1
I regret paying so much for this hoodie.,1
The sweater is too pricey for the quality.,1
I expected more for the price I paid.,1
This hoodie is not worth the high price.,1
The price does not match the quality.,1
Too expensive for such low quality.,1
I’m not satisfied with the price I paid for this sweater.,1
Great value for money!,1
Affordable and great quality.,1
Perfect price for everyday wear.,1
High quality at a low price.,1
Best deal I've found on t-shirts.,1
Superb price for this quality.,1
Amazing price for such a comfortable t-shirt.,1
Incredible value for a great product.,1
Worth every penny.,1
Perfectly priced for the quality.,1
Great t-shirt for an affordable price.,1
A steal at this price.,1
Fantastic value!,1
Affordable and stylish.,1
Highly recommend for the price.,1
Unbeatable price for this quality.,1
Great bargain!,1
Very reasonably priced.,1
Price is excellent for what you get.,1
Thrilled with the price and quality.,1
Such a great deal!,1
Outstanding value.,1
Super affordable and comfy.,1
Best value for a t-shirt.,1
Great find at this price.,1
Price is just right.,1
Love the quality for the price.,1
So happy with this purchase!,1
Couldn't ask for a better price.,1
Cheap but high quality.,1
Perfect price for my budget.,1
Very pleased with the price.,1
Amazing deal on a t-shirt.,1
Affordable and well-made.,1
Great price for such a comfortable shirt.,1
Excellent quality at a low price.,1
Budget-friendly and stylish.,1
Such good value for the price.,1
Fantastic price for a basic t-shirt.,1
Quality is excellent for the price.,1
Price is amazing for this quality.,1
Best price for a t-shirt.,1
Affordable and durable.,1
Very happy with the price.,1
Great quality at an affordable price.,1
Can't beat this price!,1
So affordable and cute.,1
Price is perfect for what you get.,1
Excellent value for money.,1
Very impressed with the price.,1
Such a bargain!,1
Great t-shirt at a great price.,1
Affordable and fashionable.,1
Best price for a quality t-shirt.,1
Price is unbeatable.,1
Fantastic deal on a great t-shirt.,1
Quality far exceeds the price.,1
Very reasonably priced.,1
Such an affordable price for this quality.,1
Great value for a basic t-shirt.,1
Superb price for such quality.,1
Affordable and comfy.,1
Price is just right for this quality.,1
Excellent quality for a low price.,1
Great price for a great t-shirt.,1
Very happy with this deal.,1
Price is fantastic for what you get.,1
Affordable and well-made.,1
Incredible value for the price.,1
Price is excellent for this quality.,1
Super happy with the price.,1
Great t-shirt at an amazing price.,1
Very affordable and stylish.,1
Best value for this quality.,1
Perfect price for what you get.,1
Can't beat this deal.,1
Such a good price for this quality.,1
Very pleased with the price.,1
Excellent value for a t-shirt.,1
Affordable and cute.,1
Price is amazing for what you get.,1
Great deal on a t-shirt.,1
Price is just right for this quality.,1
Fantastic value for money.,1
Very affordable and comfy.,1
Superb price for such a great t-shirt.,1
Affordable and high quality.,1
Great t-shirt for an unbeatable price.,1
Very pleased with this deal.,1
Price is fantastic for this quality.,1
Affordable and stylish.,1
Best price for a quality t-shirt.,1
Perfectly priced for the quality.,1
Great deal on a quality t-shirt.,1
Amazing price for this quality.,1
Very happy with this purchase.,1
Affordable and well-made.,1
Price is just right for this quality.,1
Excellent value for a basic t-shirt.,1
Too expensive for what it is.,1
Overpriced for the quality.,1
Not worth the high price.,1
Quality doesn't match the price.,1
Paid too much for this t-shirt.,1
Pricey and not worth it.,1
Way too expensive for a t-shirt.,1
Not a good value.,1
Overpriced for sure.,1
Should be cheaper.,1
Definitely not worth the money.,1
Price is too high.,1
Too costly for the quality.,1
Not a good deal.,1
Expensive and not great quality.,1
Way overpriced.,1
Not worth the high price.,1
Paid too much for this t-shirt.,1
Costs too much.,1
Price doesn't match quality.,1
Overpriced and disappointing.,1
Not worth the high cost.,1
Paid more than it's worth.,1
Too high-priced.,1
Expensive for what you get.,1
Not worth the money.,1
Way too pricey.,1
Costs more than it's worth.,1
Price is too high for the quality.,1
Overpriced and not great.,1
Not a good deal at this price.,1
Too much money for this t-shirt.,1
Quality doesn't justify the price.,1
Paid too much.,1
Not worth the price tag.,1
Expensive and disappointing.,1
Way too costly.,1
Price doesn't match the quality.,1
Overpriced for what it is.,1
Not worth the high price tag.,1
Too expensive for the quality.,1
Paid more than it's worth.,1
Overpriced and not worth it.,1
Cost is too high.,1
Not worth the steep price.,1
Too pricey for what you get.,1
Paid too much for this quality.,1
Expensive and not worth it.,1
Quality isn't worth the price.,1
Overpriced and not good quality.,1
Too expensive and disappointing.,1
Costs more than it's worth.,1
Not worth the high price.,1
Overpriced and not great quality.,1
Price is too high for what you get.,1
Expensive and not good.,1
Not a good value for the price.,1
Too costly for the quality.,1
Overpriced for this quality.,1
Costs too much for what you get.,1
Paid too much for this t-shirt.,1
Not worth the high cost.,1
Too expensive for what it is.,1
Overpriced and disappointing quality.,1
Not worth the price I paid.,1
Quality doesn't match the cost.,1
Too expensive and not great.,1
Paid too much for the quality.,1
Costs more than it's worth.,1
Not a good value at this price.,1
Pricey and not worth it.,1
Paid too much for what it is.,1
Overpriced and not great.,1
Too high-priced for the quality.,1
Not worth the high price tag.,1
Expensive for what you get.,1
Price doesn't match the quality.,1
Overpriced and disappointing.,1
Paid more than it's worth.,1
Not worth the steep price.,1
Too costly for this quality.,1
Overpriced and not worth the money.,1
Quality doesn't justify the high price.,1
Too expensive for this t-shirt.,1
Not a good deal at this price.,1
Paid too much for the quality.,1
Overpriced and not good.,1
Too expensive and not worth it.,1
Costs more than it's worth.,1
Price is too high for what it is.,1
Not worth the high price.,1
Overpriced for this quality.,1
Too costly for what you get.,1
Paid too much for this t-shirt.,1
Not worth the price I paid.,1
Too high-priced for this quality.,1
Overpriced and disappointing quality.,1
Paid too much for what it is.,1
Not a good value at this price.,1
Too expensive and not great quality.,1
Great price for such high-quality pants.,1
Excellent value for money.,1
Affordable and durable.,1
Perfect price for everyday wear.,1
High quality at a low price.,1
Best deal on pants I've found.,1
Superb price for this quality.,1
Amazing price for such comfortable pants.,1
Incredible value for a great product.,1
Worth every penny.,1
Perfectly priced for the quality.,1
Great pants for an affordable price.,1
A steal at this price.,1
Fantastic value!,1
Affordable and stylish.,1
Highly recommend for the price.,1
Unbeatable price for this quality.,1
Great bargain!,1
Very reasonably priced.,1
Price is excellent for what you get.,1
Thrilled with the price and quality.,1
Such a great deal!,1
Outstanding value.,1
Super affordable and comfy.,1
Best value for pants.,1
Great find at this price.,1
Price is just right.,1
Love the quality for the price.,1
So happy with this purchase!,1
Couldn't ask for a better price.,1
Cheap but high quality.,1
Perfect price for my budget.,1
Very pleased with the price.,1
Amazing deal on pants.,1
Affordable and well-made.,1
Great price for such comfortable pants.,1
Excellent quality at a low price.,1
Budget-friendly and stylish.,1
Such good value for the price.,1
Fantastic price for basic pants.,1
Quality is excellent for the price.,1
Price is amazing for this quality.,1
Best price for pants.,1
Affordable and durable.,1
Very happy with the price.,1
Great quality at an affordable price.,1
Can't beat this price!,1
So affordable and comfy.,1
Price is perfect for what you get.,1
Excellent value for money.,1
Very impressed with the price.,1
Such a bargain!,1
Great pants at a great price.,1
Affordable and fashionable.,1
Best price for quality pants.,1
Price is unbeatable.,1
Fantastic deal on great pants.,1
Quality far exceeds the price.,1
Very reasonably priced.,1
Such an affordable price for this quality.,1
Great value for basic pants.,1
Superb price for such quality.,1
Affordable and comfy.,1
Price is just right for this quality.,1
Excellent quality for a low price.,1
Great price for great pants.,1
Very happy with this deal.,1
Price is fantastic for what you get.,1
Affordable and well-made.,1
Incredible value for the price.,1
Price is excellent for this quality.,1
Super happy with the price.,1
Great pants at an amazing price.,1
Very affordable and stylish.,1
Best value for this quality.,1
Perfect price for what you get.,1
Can't beat this deal.,1
Such a good price for this quality.,1
Very pleased with the price.,1
Excellent value for pants.,1
Affordable and cute.,1
Price is amazing for what you get.,1
Great deal on pants.,1
Price is just right for this quality.,1
Fantastic value for money.,1
Very affordable and comfy.,1
Superb price for great pants.,1
Affordable and high quality.,1
Great pants for an unbeatable price.,1
Very pleased with this deal.,1
Price is fantastic for this quality.,1
Affordable and stylish.,1
Best price for quality pants.,1
Perfectly priced for the quality.,1
Great deal on quality pants.,1
Amazing price for this quality.,1
Very happy with this purchase.,1
Affordable and well-made.,1
Price is just right for this quality.,1
Excellent value for basic pants.,1
Too expensive for what they are.,1
Overpriced for the quality.,1
Not worth the high price.,1
Quality doesn't match the price.,1
Paid too much for these pants.,1
Pricey and not worth it.,1
Way too expensive for pants.,1
Not a good value.,1
Overpriced for sure.,1
Should be cheaper.,1
Definitely not worth the money.,1
Price is too high.,1
Too costly for the quality.,1
Not a good deal.,1
Expensive and not great quality.,1
Way overpriced.,1
Not worth the high price.,1
Paid too much for these pants.,1
Costs too much.,1
Price doesn't match quality.,1
Overpriced and disappointing.,1
Not worth the high cost.,1
Paid more than they're worth.,1
Too high-priced.,1
Expensive for what you get.,1
Not worth the money.,1
Way too pricey.,1
Costs more than they're worth.,1
Price is too high for the quality.,1
Overpriced and not great.,1
Not a good deal at this price.,1
Too much money for these pants.,1
Quality doesn't justify the price.,1
Paid too much.,1
Not worth the price tag.,1
Expensive and disappointing.,1
Way too costly.,1
Price doesn't match the quality.,1
Overpriced for what they are.,1
Not worth the high price tag.,1
Too expensive for the quality.,1
Paid more than they're worth.,1
Overpriced and not worth it.,1
Cost is too high.,1
Not worth the steep price.,1
Too pricey for what you get.,1
Paid too much for this quality.,1
Expensive and not worth it.,1
Quality isn't worth the price.,1
Overpriced and not good quality.,1
Too expensive and disappointing.,1
Costs more than they're worth.,1
Not worth the high price.,1
Overpriced and not great quality.,1
Price is too high for what you get.,1
Expensive and not good.,1
Not a good value for the price.,1
Too costly for the quality.,1
Overpriced for this quality.,1
Costs too much for what you get.,1
Paid too much for these pants.,1
Not worth the high cost.,1
Too expensive for what they are.,1
Overpriced and disappointing quality.,1
Not worth the price I paid.,1
Quality doesn't match the cost.,1
Too expensive and not great.,1
Paid too much for the quality.,1
Costs more than they're worth.,1
Not a good value at this price.,1
Pricey and not worth it.,1
Paid too much for what they are.,1
Overpriced and not great.,1
Too high-priced for the quality.,1
Not worth the high price tag.,1
Expensive for what you get.,1
Price doesn't match the quality.,1
Overpriced and disappointing.,1
Paid more than they're worth.,1
Not worth the steep price.,1
Too costly for this quality.,1
Overpriced and not worth the money.,1
Quality doesn't justify the high price.,1
Too expensive for these pants.,1
Not a good deal at this price.,1
Paid too much for the quality.,1
Overpriced and not good.,1
Too expensive and not worth it.,1
Costs more than they're worth.,1
Price is too high for what they are.,1
Not worth the high price.,1
Overpriced for this quality.,1
Too costly for what you get.,1
Paid too much for these pants.,1
Not worth the price I paid.,1
Too high-priced for this quality.,1
Overpriced and disappointing quality.,1
Paid too much for what they are.,1
Not a good value at this price.,1
Too expensive and not great quality.,1
Excellent price for such comfortable shoes.,1
Great value for money!,1
Affordable and durable.,1
Perfect price for everyday wear.,1
High quality at a low price.,1
Best deal on shoes I've found.,1
Superb price for this quality.,1
Amazing price for such comfortable shoes.,1
Incredible value for a great product.,1
Worth every penny.,1
Perfectly priced for the quality.,1
Great shoes for an affordable price.,1
A steal at this price.,1
Fantastic value!,1
Affordable and stylish.,1
Highly recommend for the price.,1
Unbeatable price for this quality.,1
Great bargain!,1
Very reasonably priced.,1
Price is excellent for what you get.,1
Thrilled with the price and quality.,1
Such a great deal!,1
Outstanding value.,1
Super affordable and comfy.,1
Best value for shoes.,1
Great find at this price.,1
Price is just right.,1
Love the quality for the price.,1
So happy with this purchase!,1
Couldn't ask for a better price.,1
Cheap but high quality.,1
Perfect price for my budget.,1
Very pleased with the price.,1
Amazing deal on shoes.,1
Affordable and well-made.,1
Great price for such comfortable shoes.,1
Excellent quality at a low price.,1
Budget-friendly and stylish.,1
Such good value for the price.,1
Fantastic price for basic shoes.,1
Quality is excellent for the price.,1
Price is amazing for this quality.,1
Best price for shoes.,1
Affordable and durable.,1
Very happy with the price.,1
Great quality at an affordable price.,1
Can't beat this price!,1
So affordable and comfy.,1
Price is perfect for what you get.,1
Excellent value for money.,1
Very impressed with the price.,1
Such a bargain!,1
Great shoes at a great price.,1
Affordable and fashionable.,1
Best price for quality shoes.,1
Price is unbeatable.,1
Fantastic deal on great shoes.,1
Quality far exceeds the price.,1
Very reasonably priced.,1
Such an affordable price for this quality.,1
Great value for basic shoes.,1
Superb price for such quality.,1
Affordable and comfy.,1
Price is just right for this quality.,1
Excellent quality for a low price.,1
Great price for great shoes.,1
Very happy with this deal.,1
Price is fantastic for what you get.,1
Affordable and well-made.,1
Incredible value for the price.,1
Price is excellent for this quality.,1
Super happy with the price.,1
Great shoes at an amazing price.,1
Very affordable and stylish.,1
Best value for this quality.,1
Perfect price for what you get.,1
Can't beat this deal.,1
Such a good price for this quality.,1
Very pleased with the price.,1
Excellent value for shoes.,1
Affordable and cute.,1
Price is amazing for what you get.,1
Great deal on shoes.,1
Price is just right for this quality.,1
Fantastic value for money.,1
Very affordable and comfy.,1
Superb price for great shoes.,1
Affordable and high quality.,1
Great shoes for an unbeatable price.,1
Very pleased with this deal.,1
Price is fantastic for this quality.,1
Affordable and stylish.,1
Best price for quality shoes.,1
Perfectly priced for the quality.,1
Great deal on quality shoes.,1
Amazing price for this quality.,1
Very happy with this purchase.,1
Affordable and well-made.,1
Price is just right for this quality.,1
Excellent value for basic shoes.,1
Too expensive for what they are.,1
Overpriced for the quality.,1
Not worth the high price.,1
Quality doesn't match the price.,1
Paid too much for these shoes.,1
Pricey and not worth it.,1
Way too expensive for shoes.,1
Not a good value.,1
Overpriced for sure.,1
Should be cheaper.,1
Definitely not worth the money.,1
Price is too high.,1
Too costly for the quality.,1
Not a good deal.,1
Expensive and not great quality.,1
Way overpriced.,1
Not worth the high price.,1
Paid too much for these shoes.,1
Costs too much.,1
Price doesn't match quality.,1
Overpriced and disappointing.,1
Not worth the high cost.,1
Paid more than they're worth.,1
Too high-priced.,1
Expensive for what you get.,1
Not worth the money.,1
Way too pricey.,1
Costs more than they're worth.,1
Price is too high for the quality.,1
Overpriced and not great.,1
Not a good deal at this price.,1
Too much money for these shoes.,1
Quality doesn't justify the price.,1
Paid too much.,1
Not worth the price tag.,1
Expensive and disappointing.,1
Way too costly.,1
Price doesn't match the quality.,1
Overpriced for what they are.,1
Not worth the high price tag.,1
Too expensive for the quality.,1
Paid more than they're worth.,1
Overpriced and not worth it.,1
Cost is too high.,1
Not worth the steep price.,1
Too pricey for what you get.,1
Paid too much for this quality.,1
Expensive and not worth it.,1
Quality isn't worth the price.,1
Overpriced and not good quality.,1
Too expensive and disappointing.,1
Costs more than they're worth.,1
Not worth the high price.,1
Overpriced and not great quality.,1
Price is too high for what you get.,1
Expensive and not good.,1
Not a good value for the price.,1
Too costly for the quality.,1
Overpriced for this quality.,1
Costs too much for what you get.,1
Paid too much for these shoes.,1
Not worth the high cost.,1
Too expensive for what they are.,1
Overpriced and disappointing quality.,1
Not worth the price I paid.,1
Quality doesn't match the cost.,1
Too expensive and not great.,1
Paid too much for the quality.,1
Costs more than they're worth.,1
Not a good value at this price.,1
Pricey and not worth it.,1
Paid too much for what they are.,1
Overpriced and not great.,1
Too high-priced for the quality.,1
Not worth the high price tag.,1
Expensive for what you get.,1
Price doesn't match the quality.,1
Overpriced and disappointing.,1
Paid more than they're worth.,1
Not worth the steep price.,1
Too costly for this quality.,1
Overpriced and not worth the money.,1
Quality doesn't justify the high price.,1
Too expensive for these shoes.,1
Not a good deal at this price.,1
Paid too much for the quality.,1
Overpriced and not good.,1
Too expensive and not worth it.,1
Costs more than they're worth.,1
Price is too high for what they are.,1
Not worth the high price.,1
Overpriced for this quality.,1
Too costly for what you get.,1
Paid too much for these shoes.,1
Not worth the price I paid.,1
Too high-priced for this quality.,1
Overpriced and disappointing quality.,1
Paid too much for what they are.,1
Not a good value at this price.,1
Too expensive and not great quality.,1
The sweater is so soft and comfortable.,0
I love the design and the fit is perfect.,0
"Great quality material, feels very durable.",0
The color is exactly as shown in the pictures.,0
Hoodie keeps me warm and cozy.,0
Perfect for layering in colder weather.,0
Stitching is top-notch and very well made.,0
Received many compliments wearing this.,0
The fabric feels really nice against the skin.,0
Doesn’t shrink after washing.,0
Holds up well even after multiple washes.,0
Sweater is lightweight yet warm.,0
"The hoodie has a spacious pocket, which is great.",0
Very trendy and stylish.,0
Excellent craftsmanship.,0
The fit is very flattering.,0
Easy to care for and maintain.,0
Love the vibrant color choices.,0
The design is unique and eye-catching.,0
Perfect for casual outings.,0
Really comfortable to wear all day.,0
"The hoodie has a good, snug fit.",0
Material feels premium and luxurious.,0
The sweater is versatile and can be dressed up or down.,0
Very breathable fabric.,0
Excellent for lounging around the house.,0
Love the attention to detail in the design.,0
Feels very cozy and warm.,0
"The hoodie has a nice, deep hood.",0
Great for both indoor and outdoor activities.,0
Material doesn’t wrinkle easily.,0
The sweater is very stretchy and moves with you.,0
Hoodie is perfect for running errands.,0
Received this as a gift and absolutely love it.,0
Sweater is great for layering over shirts.,0
Hoodie looks great with jeans or leggings.,0
Feels very durable and well-constructed.,0
"Love the soft, plush lining inside.",0
Fits true to size.,0
Very fashionable and on-trend.,0
Sweater is great for chilly mornings.,0
The hoodie is very practical and functional.,0
Love how it fits snugly around the wrists and waist.,0
Sweater is very lightweight and easy to pack.,0
The material is very soft and feels high-quality.,0
Hoodie is very comfortable and easy to wear.,0
Perfect for layering under a jacket.,0
The sweater’s fabric is very breathable.,0
The hoodie has a very stylish look.,0
Feels very warm and comfortable.,0
Sweater is very easy to clean.,0
Hoodie fits perfectly and is very comfortable.,0
Great quality for everyday wear.,0
The sweater is very well-made and durable.,0
Love the stylish design.,0
The hoodie is very soft and keeps me warm.,0
Very comfortable and fits well.,0
The sweater looks great and feels even better.,0
Love the color and the feel of the material.,0
The hoodie is perfect for cold weather.,0
Sweater is very stylish and comfortable.,0
Love the soft material.,0
The hoodie fits perfectly and is very warm.,0
Sweater is very soft and comfortable.,0
Love the fit and feel of this hoodie.,0
The sweater is very comfortable and looks great.,0
The hoodie is very stylish and fits well.,0
Sweater is very soft and keeps me warm.,0
Love the comfortable fit.,0
The hoodie is perfect for everyday wear.,0
Sweater is very warm and comfortable.,0
Love the look and feel of this hoodie.,0
Sweater is very stylish and keeps me warm.,0
The hoodie is very comfortable and fits perfectly.,0
Sweater is very soft and looks great.,0
Love the warm and cozy feel.,0
The hoodie is very stylish and comfortable.,0
Sweater is very warm and fits well.,0
Love the comfortable and stylish design.,0
The hoodie is perfect for lounging.,0
Sweater is very stylish and fits well.,0
Love the soft and warm feel of this hoodie.,0
The sweater is very comfortable and fits well.,0
The hoodie is very stylish and keeps me warm.,0
Sweater is very warm and comfortable.,0
Love the look and feel of this hoodie.,0
Sweater is very stylish and keeps me warm.,0
The hoodie is very comfortable and fits well.,0
Sweater is very soft and looks great.,0
Love the warm and cozy feel of this hoodie.,0
Sweater is very stylish and fits well.,0
The hoodie is perfect for cold weather.,0
Sweater is very warm and stylish.,0
Love the comfortable and stylish design.,0
The hoodie is very soft and keeps me warm.,0
Sweater is very stylish and fits well.,0
Love the look and feel of this hoodie.,0
The sweater is very comfortable and looks great.,0
The hoodie is very stylish and comfortable.,0
Sweater is very warm and fits well.,0
The material is too scratchy.,0
Sweater shrank after the first wash.,0
The hoodie feels too stiff.,0
Color faded after a few washes.,0
Not as soft as I expected.,0
The fit is too loose and baggy.,0
Stitching started to come apart quickly.,0
Sweater is too thin and not warm.,0
The hoodie’s zipper broke easily.,0
Fabric pills after a few wears.,0
Sweater lost its shape after washing.,0
The hoodie is too tight around the arms.,0
"Not very breathable, makes me sweat.",0
Sweater is itchy and uncomfortable.,0
Hoodie feels cheaply made.,0
Colors are duller than pictured.,0
The sweater is too short.,0
Hoodie’s fabric feels flimsy.,0
Sweater is not true to size.,0
The hoodie is too bulky.,0
Material feels cheap and rough.,0
Sweater has a strange smell.,0
Hoodie’s drawstrings frayed quickly.,0
Sweater doesn’t keep me warm.,0
The hoodie’s pockets are too small.,0
Sweater is very scratchy.,0
The hoodie’s fabric stretches out easily.,0
Sweater feels too heavy.,0
Hoodie’s sleeves are too short.,0
Material is not durable.,0
Sweater started pilling immediately.,0
The hoodie’s seams are poorly done.,0
Fabric feels too synthetic.,0
Sweater is uncomfortable to wear.,0
Hoodie’s zipper is very flimsy.,0
Sweater is too baggy and shapeless.,0
The hoodie’s fit is awkward.,0
Sweater is too tight around the neck.,0
The hoodie’s material is too thin.,0
Sweater looks cheap.,0
The hoodie’s color is not as shown.,0
Sweater is too itchy.,0
The hoodie doesn’t keep me warm.,0
Sweater’s material feels rough.,0
Hoodie’s fabric faded quickly.,0
Sweater is poorly constructed.,0
Hoodie’s fit is not flattering.,0
Sweater feels very stiff.,0
The hoodie’s quality is disappointing.,0
Sweater is uncomfortable.,0
Hoodie’s fabric feels scratchy.,0
Sweater didn’t hold up well after washing.,0
Hoodie’s stitching came undone.,0
Sweater is too thin.,0
The hoodie’s material is not soft.,0
Sweater’s fit is not as expected.,0
The hoodie is very itchy.,0
Sweater’s color bled in the wash.,0
Hoodie’s material is cheap.,0
Sweater doesn’t fit well.,0
The hoodie is uncomfortable.,0
Sweater is not warm enough.,0
The hoodie feels too rough.,0
Sweater’s fabric is disappointing.,0
Hoodie’s material shrank in the wash.,0
Sweater is too bulky.,0
The hoodie’s quality is poor.,0
Sweater’s color faded quickly.,0
Hoodie’s material feels cheap.,0
Sweater is very itchy.,0
The hoodie’s fit is awkward.,0
Sweater’s material is too thin.,0
Hoodie doesn’t keep me warm.,0
Sweater’s fit is too loose.,0
The hoodie is too stiff.,0
Sweater’s quality is disappointing.,0
Hoodie’s fabric feels rough.,0
Sweater is not true to size.,0
The hoodie’s material is scratchy.,0
Sweater is uncomfortable.,0
Hoodie’s color is not as shown.,0
Sweater doesn’t hold up well.,0
The hoodie is too tight.,0
Sweater’s material is rough.,0
Hoodie’s quality is poor.,0
Sweater is too bulky.,0
The hoodie’s stitching is poorly done.,0
Sweater’s fit is awkward.,0
Hoodie’s material faded quickly.,0
Sweater’s quality is not good.,0
The hoodie is very scratchy.,0
Sweater doesn’t fit well.,0
Hoodie’s fabric is disappointing.,0
Sweater is not comfortable.,0
The hoodie’s color faded.,0
Sweater is too thin.,0
Hoodie’s material feels cheap.,0
Sweater’s fit is not flattering.,0
The hoodie’s quality is bad.,0
Sweater is too itchy.,0
The t-shirt is so soft and comfortable.,0
I love the design and the fit is perfect.,0
"Great quality material, feels very durable.",0
The color is exactly as shown in the pictures.,0
T-shirt is lightweight and breathable.,0
Perfect for layering or wearing alone.,0
Stitching is top-notch and very well made.,0
Received many compliments wearing this.,0
The fabric feels really nice against the skin.,0
Doesn’t shrink after washing.,0
Holds up well even after multiple washes.,0
T-shirt is perfect for casual wear.,0
Fits true to size.,0
Very trendy and stylish.,0
Excellent craftsmanship.,0
The fit is very flattering.,0
Easy to care for and maintain.,0
Love the vibrant color choices.,0
The design is unique and eye-catching.,0
Perfect for everyday wear.,0
Really comfortable to wear all day.,0
"The t-shirt has a good, snug fit.",0
Material feels premium and luxurious.,0
The t-shirt is versatile and can be dressed up or down.,0
Very breathable fabric.,0
Excellent for lounging around the house.,0
Love the attention to detail in the design.,0
Feels very cozy and comfortable.,0
Great for both indoor and outdoor activities.,0
Material doesn’t wrinkle easily.,0
The t-shirt is very stretchy and moves with you.,0
Perfect for running errands.,0
Received this as a gift and absolutely love it.,0
T-shirt is great for layering under jackets.,0
Looks great with jeans or shorts.,0
Feels very durable and well-constructed.,0
"Love the soft, comfortable feel.",0
Fits true to size.,0
Very fashionable and on-trend.,0
T-shirt is great for warm weather.,0
Very practical and functional.,0
Love how it fits snugly around the arms.,0
T-shirt is very lightweight and easy to pack.,0
The material is very soft and feels high-quality.,0
T-shirt is very comfortable and easy to wear.,0
Perfect for layering under a sweater.,0
The t-shirt’s fabric is very breathable.,0
The t-shirt has a very stylish look.,0
Feels very comfortable and easy to wear.,0
T-shirt is very easy to clean.,0
T-shirt fits perfectly and is very comfortable.,0
Great quality for everyday wear.,0
The t-shirt is very well-made and durable.,0
Love the stylish design.,0
The t-shirt is very soft and comfortable.,0
Very comfortable and fits well.,0
The t-shirt looks great and feels even better.,0
Love the color and the feel of the material.,0
The t-shirt is perfect for casual wear.,0
T-shirt is very stylish and comfortable.,0
Love the soft material.,0
The t-shirt fits perfectly and is very comfortable.,0
T-shirt is very soft and comfortable.,0
Love the fit and feel of this t-shirt.,0
The t-shirt is very comfortable and looks great.,0
The t-shirt is very stylish and fits well.,0
T-shirt is very soft and keeps me cool.,0
Love the comfortable fit.,0
The t-shirt is perfect for everyday wear.,0
T-shirt is very comfortable and stylish.,0
Love the look and feel of this t-shirt.,0
T-shirt is very stylish and comfortable.,0
The t-shirt is very comfortable and fits well.,0
T-shirt is very soft and looks great.,0
Love the comfortable and stylish design.,0
The t-shirt is perfect for lounging.,0
T-shirt is very stylish and fits well.,0
Love the soft and cool feel of this t-shirt.,0
The t-shirt is very comfortable and fits well.,0
The t-shirt is very stylish and comfortable.,0
T-shirt is very comfortable and stylish.,0
Love the look and feel of this t-shirt.,0
The t-shirt is very comfortable and looks great.,0
The t-shirt is very stylish and comfortable.,0
T-shirt is very soft and keeps me cool.,0
Love the comfortable fit.,0
The t-shirt is perfect for everyday wear.,0
T-shirt is very stylish and comfortable.,0
Love the look and feel of this t-shirt.,0
T-shirt is very comfortable and stylish.,0
Love the soft and cool feel of this t-shirt.,0
The t-shirt is very comfortable and fits well.,0
T-shirt is very stylish and comfortable.,0
Love the comfortable and stylish design.,0
The t-shirt is perfect for lounging.,0
T-shirt is very stylish and fits well.,0
Love the soft and cool feel of this t-shirt.,0
The t-shirt is very comfortable and fits well.,0
The t-shirt is very stylish and comfortable.,0
T-shirt is very comfortable and stylish.,0
The material is too scratchy.,0
T-shirt shrank after the first wash.,0
The t-shirt feels too stiff.,0
Color faded after a few washes.,0
Not as soft as I expected.,0
The fit is too loose and baggy.,0
Stitching started to come apart quickly.,0
T-shirt is too thin and not durable.,0
The fabric pills after a few wears.,0
T-shirt lost its shape after washing.,0
The t-shirt is too tight around the chest.,0
"Not very breathable, makes me sweat.",0
T-shirt is itchy and uncomfortable.,0
Feels cheaply made.,0
Colors are duller than pictured.,0
The t-shirt is too short.,0
Fabric feels flimsy.,0
T-shirt is not true to size.,0
The t-shirt is too bulky.,0
Material feels cheap and rough.,0
T-shirt has a strange smell.,0
Stitching frayed quickly.,0
T-shirt doesn’t keep me cool.,0
The t-shirt’s sleeves are too long.,0
T-shirt is very scratchy.,0
The fabric stretches out easily.,0
T-shirt feels too heavy.,0
The sleeves are too short.,0
Material is not durable.,0
T-shirt started pilling immediately.,0
The seams are poorly done.,0
Fabric feels too synthetic.,0
T-shirt is uncomfortable to wear.,0
T-shirt is too baggy and shapeless.,0
The t-shirt’s fit is awkward.,0
T-shirt is too tight around the neck.,0
The material is too thin.,0
T-shirt looks cheap.,0
The color is not as shown.,0
T-shirt is too itchy.,0
The t-shirt doesn’t keep me cool.,0
Material feels rough.,0
T-shirt’s fabric faded quickly.,0
T-shirt is poorly constructed.,0
Fit is not flattering.,0
Fabric feels very stiff.,0
The quality is disappointing.,0
T-shirt is uncomfortable.,0
Fabric feels scratchy.,0
T-shirt didn’t hold up well after washing.,0
Stitching came undone.,0
T-shirt is too thin.,0
The material is not soft.,0
Fit is not as expected.,0
The t-shirt is very itchy.,0
Color bled in the wash.,0
Material is cheap.,0
T-shirt doesn’t fit well.,0
The t-shirt is uncomfortable.,0
T-shirt is not cool enough.,0
The t-shirt feels too rough.,0
Material is disappointing.,0
T-shirt’s material shrank in the wash.,0
T-shirt is too bulky.,0
Quality is poor.,0
Color faded quickly.,0
Material feels cheap.,0
T-shirt is very itchy.,0
Fit is awkward.,0
Material is too thin.,0
T-shirt doesn’t keep me cool.,0
Fit is too loose.,0
The t-shirt is too stiff.,0
Quality is disappointing.,0
Fabric feels rough.,0
T-shirt is not true to size.,0
The material is scratchy.,0
T-shirt is uncomfortable.,0
Color is not as shown.,0
T-shirt doesn’t hold up well.,0
The t-shirt is too tight.,0
Material is rough.,0
Quality is poor.,0
T-shirt is too bulky.,0
The stitching is poorly done.,0
Fit is awkward.,0
Material faded quickly.,0
Quality is not good.,0
The t-shirt is very scratchy.,0
T-shirt doesn’t fit well.,0
Fabric is disappointing.,0
T-shirt is not comfortable.,0
Color faded.,0
T-shirt is too thin.,0
Material feels cheap.,0
Fit is not flattering.,0
Quality is bad.,0
T-shirt is too itchy.,0
The material is scratchy.,0
T-shirt is uncomfortable.,0
The pants are so comfortable and fit perfectly.,0
Love the design and the material is great.,0
High quality and very durable.,0
Perfect for everyday wear.,0
The color is exactly as shown in the pictures.,0
Pants are lightweight and breathable.,0
Excellent craftsmanship.,0
Received many compliments wearing these.,0
The fabric feels really nice against the skin.,0
Doesn’t shrink after washing.,0
Holds up well even after multiple washes.,0
Pants are perfect for casual wear.,0
Fits true to size.,0
Very trendy and stylish.,0
The fit is very flattering.,0
Easy to care for and maintain.,0
Love the variety of color options.,0
The design is unique and eye-catching.,0
Perfect for both casual and formal occasions.,0
Really comfortable to wear all day.,0
"The pants have a good, snug fit.",0
Material feels premium and luxurious.,0
The pants are versatile and can be dressed up or down.,0
Very breathable fabric.,0
Excellent for lounging around the house.,0
Love the attention to detail in the design.,0
Feels very cozy and comfortable.,0
Great for both indoor and outdoor activities.,0
Material doesn’t wrinkle easily.,0
The pants are very stretchy and move with you.,0
Perfect for running errands.,0
Received this as a gift and absolutely love it.,0
Pants are great for layering.,0
Look great with various tops.,0
Feels very durable and well-constructed.,0
"Love the soft, comfortable feel.",0
Fits true to size.,0
Very fashionable and on-trend.,0
Pants are great for warm weather.,0
Very practical and functional.,0
Love how it fits snugly around the waist and legs.,0
Pants are very lightweight and easy to pack.,0
The material is very soft and feels high-quality.,0
Pants are very comfortable and easy to wear.,0
Perfect for layering under a jacket.,0
The pants’ fabric is very breathable.,0
The pants have a very stylish look.,0
Feels very comfortable and easy to wear.,0
Pants are very easy to clean.,0
Pants fit perfectly and are very comfortable.,0
Great quality for everyday wear.,0
The pants are very well-made and durable.,0
Love the stylish design.,0
The pants are very soft and comfortable.,0
Very comfortable and fit well.,0
The pants look great and feel even better.,0
Love the color and the feel of the material.,0
The pants are perfect for casual wear.,0
Pants are very stylish and comfortable.,0
Love the soft material.,0
The pants fit perfectly and are very comfortable.,0
Pants are very soft and comfortable.,0
Love the fit and feel of these pants.,0
The pants are very comfortable and look great.,0
The pants are very stylish and fit well.,0
Pants are very soft and keep me cool.,0
Love the comfortable fit.,0
The pants are perfect for everyday wear.,0
Pants are very comfortable and stylish.,0
Love the look and feel of these pants.,0
Pants are very stylish and comfortable.,0
The pants are very comfortable and fit well.,0
Pants are very soft and look great.,0
Love the comfortable and stylish design.,0
The pants are perfect for lounging.,0
Pants are very stylish and fit well.,0
Love the soft and cool feel of these pants.,0
The pants are very comfortable and fit well.,0
The pants are very stylish and comfortable.,0
Pants are very comfortable and stylish.,0
Love the look and feel of these pants.,0
The pants are very comfortable and look great.,0
The pants are very stylish and comfortable.,0
Pants are very soft and keep me cool.,0
Love the comfortable fit.,0
The pants are perfect for everyday wear.,0
Pants are very stylish and comfortable.,0
Love the look and feel of these pants.,0
Pants are very comfortable and stylish.,0
Love the soft and cool feel of these pants.,0
The pants are very comfortable and fit well.,0
Pants are very stylish and comfortable.,0
Love the comfortable and stylish design.,0
The pants are perfect for lounging.,0
Pants are very stylish and fit well.,0
Love the soft and cool feel of these pants.,0
The pants are very comfortable and fit well.,0
The pants are very stylish and comfortable.,0
Pants are very comfortable and stylish.,0
Love the look and feel of these pants.,0
The material is too scratchy.,0
Pants shrank after the first wash.,0
The pants feel too stiff.,0
Color faded after a few washes.,0
Not as soft as I expected.,0
The fit is too loose and baggy.,0
Stitching started to come apart quickly.,0
Pants are too thin and not durable.,0
The fabric pills after a few wears.,0
Pants lost their shape after washing.,0
The pants are too tight around the waist.,0
"Not very breathable, makes me sweat.",0
Pants are itchy and uncomfortable.,0
Feels cheaply made.,0
Colors are duller than pictured.,0
The pants are too short.,0
Fabric feels flimsy.,0
Pants are not true to size.,0
The pants are too bulky.,0
Material feels cheap and rough.,0
Pants have a strange smell.,0
Stitching frayed quickly.,0
Pants don’t keep me cool.,0
The pants’ legs are too long.,0
Pants are very scratchy.,0
The fabric stretches out easily.,0
Pants feel too heavy.,0
The legs are too short.,0
Material is not durable.,0
Pants started pilling immediately.,0
The seams are poorly done.,0
Fabric feels too synthetic.,0
Pants are uncomfortable to wear.,0
Pants are too baggy and shapeless.,0
The pants’ fit is awkward.,0
Pants are too tight around the thighs.,0
The material is too thin.,0
Pants look cheap.,0
The color is not as shown.,0
Pants are too itchy.,0
The pants don’t keep me cool.,0
Material feels rough.,0
Pants’ fabric faded quickly.,0
Pants are poorly constructed.,0
Fit is not flattering.,0
Fabric feels very stiff.,0
The quality is disappointing.,0
Pants are uncomfortable.,0
Fabric feels scratchy.,0
Pants didn’t hold up well after washing.,0
Stitching came undone.,0
Pants are too thin.,0
The material is not soft.,0
Fit is not as expected.,0
The pants are very itchy.,0
Color bled in the wash.,0
Material is cheap.,0
Pants don’t fit well.,0
The pants are uncomfortable.,0
Pants are not cool enough.,0
The pants feel too rough.,0
Material is disappointing.,0
Pants’ material shrank in the wash.,0
Pants are too bulky.,0
Quality is poor.,0
Color faded quickly.,0
Material feels cheap.,0
Pants are very itchy.,0
Fit is awkward.,0
Material is too thin.,0
Pants don’t keep me cool.,0
Fit is too loose.,0
The pants are too stiff.,0
Quality is disappointing.,0
Fabric feels rough.,0
Pants are not true to size.,0
The material is scratchy.,0
Pants are uncomfortable.,0
Color is not as shown.,0
Pants don’t hold up well.,0
The pants are too tight.,0
Material is rough.,0
Quality is poor.,0
Pants are too bulky.,0
The stitching is poorly done.,0
Fit is awkward.,0
Material faded quickly.,0
Quality is not good.,0
The pants are very scratchy.,0
Pants don’t fit well.,0
Fabric is disappointing.,0
Pants are not comfortable.,0
Color faded.,0
Pants are too thin.,0
Material feels cheap.,0
Fit is not flattering.,0
Quality is bad.,0
Pants are too itchy.,0
The material is scratchy.,0
Pants are uncomfortable.,0
The shoes are so comfortable and fit perfectly.,0
Love the design and the material is great.,0
High quality and very durable.,0
Perfect for everyday wear.,0
The color is exactly as shown in the pictures.,0
Shoes are lightweight and breathable.,0
Excellent craftsmanship.,0
Received many compliments wearing these.,0
The fabric feels really nice against the skin.,0
Doesn’t wear out easily.,0
Holds up well even after multiple uses.,0
Shoes are perfect for casual wear.,0
Fits true to size.,0
Very trendy and stylish.,0
The fit is very flattering.,0
Easy to care for and maintain.,0
Love the variety of color options.,0
The design is unique and eye-catching.,0
Perfect for both casual and formal occasions.,0
Really comfortable to wear all day.,0
"The shoes have a good, snug fit.",0
Material feels premium and luxurious.,0
The shoes are versatile and can be dressed up or down.,0
Very breathable fabric.,0
Excellent for long walks.,0
Love the attention to detail in the design.,0
Feels very cozy and comfortable.,0
Great for both indoor and outdoor activities.,0
Material doesn’t get dirty easily.,0
The shoes are very flexible and move with you.,0
Perfect for running errands.,0
Received this as a gift and absolutely love it.,0
Shoes are great for athletic activities.,0
Look great with various outfits.,0
Feels very durable and well-constructed.,0
"Love the soft, comfortable feel.",0
Fits true to size.,0
Very fashionable and on-trend.,0
Shoes are great for warm weather.,0
Very practical and functional.,0
Love how it fits snugly around the feet.,0
Shoes are very lightweight and easy to pack.,0
The material is very soft and feels high-quality.,0
Shoes are very comfortable and easy to wear.,0
Perfect for all-day wear.,0
The shoes’ fabric is very breathable.,0
The shoes have a very stylish look.,0
Feels very comfortable and easy to wear.,0
Shoes are very easy to clean.,0
Shoes fit perfectly and are very comfortable.,0
Great quality for everyday wear.,0
The shoes are very well-made and durable.,0
Love the stylish design.,0
The shoes are very soft and comfortable.,0
Very comfortable and fit well.,0
The shoes look great and feel even better.,0
Love the color and the feel of the material.,0
The shoes are perfect for casual wear.,0
Shoes are very stylish and comfortable.,0
Love the soft material.,0
The shoes fit perfectly and are very comfortable.,0
Shoes are very soft and comfortable.,0
Love the fit and feel of these shoes.,0
The shoes are very comfortable and look great.,0
The shoes are very stylish and fit well.,0
Shoes are very soft and keep me cool.,0
Love the comfortable fit.,0
The shoes are perfect for everyday wear.,0
Shoes are very comfortable and stylish.,0
Love the look and feel of these shoes.,0
Shoes are very stylish and comfortable.,0
The shoes are very comfortable and fit well.,0
Shoes are very soft and look great.,0
Love the comfortable and stylish design.,0
The shoes are perfect for lounging.,0
Shoes are very stylish and fit well.,0
Love the soft and cool feel of these shoes.,0
The shoes are very comfortable and fit well.,0
The shoes are very stylish and comfortable.,0
Shoes are very comfortable and stylish.,0
Love the look and feel of these shoes.,0
The shoes are very comfortable and look great.,0
The shoes are very stylish and comfortable.,0
Shoes are very soft and keep me cool.,0
Love the comfortable fit.,0
The shoes are perfect for everyday wear.,0
Shoes are very stylish and comfortable.,0
Love the look and feel of these shoes.,0
Shoes are very comfortable and stylish.,0
Love the soft and cool feel of these shoes.,0
The shoes are very comfortable and fit well.,0
Shoes are very stylish and comfortable.,0
Love the comfortable and stylish design.,0
The shoes are perfect for lounging.,0
Shoes are very stylish and fit well.,0
Love the soft and cool feel of these shoes.,0
The shoes are very comfortable and fit well.,0
The shoes are very stylish and comfortable.,0
Shoes are very comfortable and stylish.,0
Love the look and feel of these shoes.,0
The material is too scratchy.,0
Shoes wore out after a few uses.,0
The shoes feel too stiff.,0
Color faded after a few wears.,0
Not as comfortable as I expected.,0
The fit is too loose and baggy.,0
Stitching started to come apart quickly.,0
Shoes are too thin and not durable.,0
The fabric pills after a few wears.,0
Shoes lost their shape after wearing.,0
The shoes are too tight around the toes.,0
"Not very breathable, makes my feet sweat.",0
Shoes are itchy and uncomfortable.,0
Feels cheaply made.,0
Colors are duller than pictured.,0
The shoes are too short.,0
Fabric feels flimsy.,0
Shoes are not true to size.,0
The shoes are too bulky.,0
Material feels cheap and rough.,0
Shoes have a strange smell.,0
Stitching frayed quickly.,0
Shoes don’t keep my feet cool.,0
The shoes’ soles are too hard.,0
Shoes are very scratchy.,0
The fabric stretches out easily.,0
Shoes feel too heavy.,0
The soles are too thin.,0
Material is not durable.,0
Shoes started pilling immediately.,0
The seams are poorly done.,0
Fabric feels too synthetic.,0
Shoes are uncomfortable to wear.,0
Shoes are too baggy and shapeless.,0
The shoes’ fit is awkward.,0
Shoes are too tight around the ankles.,0
The material is too thin.,0
Shoes look cheap.,0
The color is not as shown.,0
Shoes are too itchy.,0
The shoes don’t keep my feet cool.,0
Material feels rough.,0
Shoes’ fabric faded quickly.,0
Shoes are poorly constructed.,0
Fit is not flattering.,0
Fabric feels very stiff.,0
The quality is disappointing.,0
Shoes are uncomfortable.,0
Fabric feels scratchy.,0
Shoes didn’t hold up well after a few uses.,0
Stitching came undone.,0
Shoes are too thin.,0
The material is not soft.,0
Fit is not as expected.,0
The shoes are very itchy.,0
Color bled in the wash.,0
Material is cheap.,0
Shoes don’t fit well.,0
The shoes are uncomfortable.,0
Shoes are not cool enough.,0
The shoes feel too rough.,0
Material is disappointing.,0
Shoes’ material shrank after a wash.,0
Shoes are too bulky.,0
Quality is poor.,0
Color faded quickly.,0
Material feels cheap.,0
Shoes are very itchy.,0
Fit is awkward.,0
Material is too thin.,0
Shoes don’t keep my feet cool.,0
Fit is too loose.,0
The shoes are too stiff.,0
Quality is disappointing.,0
Fabric feels rough.,0
Shoes are not true to size.,0
The material is scratchy.,0
Shoes are uncomfortable.,0
Color is not as shown.,0
Shoes don’t hold up well.,0
The shoes are too tight.,0
Material is rough.,0
Quality is poor.,0
Shoes are too bulky.,0
The stitching is poorly done.,0
Fit is awkward.,0
Material faded quickly.,0
Quality is not good.,0
The shoes are very scratchy.,0
Shoes don’t fit well.,0
Fabric is disappointing.,0
Shoes are not comfortable.,0
Color faded.,0
Shoes are too thin.,0
Material feels cheap.,0
Fit is not flattering.,0
Quality is bad.,0
Shoes are too itchy.,0
The material is scratchy.,0
Shoes are uncomfortable.,0