review,Size
This sweater fits perfectly and is true to size.,1
The hoodie is very comfortable and fits exactly as expected.,1
The sweater fits great and has just the right amount of room.,1
The hoodie is true to size and fits perfectly.,1
This sweater is a perfect fit and looks great.,1
The fit of this hoodie is amazing and true to size.,1
The sweater is very comfortable and fits just right.,1
The hoodie fits perfectly and is true to size.,1
This sweater fits like a glove and is very flattering.,1
The hoodie is a perfect fit and very comfortable.,1
The sweater is true to size and fits perfectly.,1
The hoodie fits great and is very comfortable.,1
This sweater fits perfectly and is true to size.,1
The hoodie is a perfect fit and very comfortable.,1
The sweater fits great and is very flattering.,1
The hoodie is true to size and fits perfectly.,1
This sweater fits perfectly and is very comfortable.,1
The hoodie is a perfect fit and looks great.,1
The sweater fits like a glove and is true to size.,1
The hoodie fits perfectly and is very comfortable.,1
This sweater is a perfect fit and looks great.,1
The hoodie is true to size and fits perfectly.,1
The sweater fits great and is very comfortable.,1
The hoodie is a perfect fit and very flattering.,1
This sweater fits perfectly and is true to size.,1
The hoodie fits great and is very comfortable.,1
The sweater is a perfect fit and looks great.,1
The hoodie is true to size and fits perfectly.,1
This sweater fits like a glove and is very comfortable.,1
The hoodie fits perfectly and is very flattering.,1
The sweater is true to size and fits perfectly.,1
The hoodie is a perfect fit and very comfortable.,1
This sweater fits perfectly and looks great.,1
The hoodie is true to size and fits perfectly.,1
The sweater fits great and is very comfortable.,1
The hoodie is a perfect fit and very flattering.,1
This sweater fits perfectly and is true to size.,1
The hoodie fits great and is very comfortable.,1
The sweater is a perfect fit and looks great.,1
The hoodie is true to size and fits perfectly.,1
This sweater fits like a glove and is very comfortable.,1
The hoodie fits perfectly and is very flattering.,1
The sweater is true to size and fits perfectly.,1
The hoodie is a perfect fit and very comfortable.,1
This sweater fits perfectly and looks great.,1
The hoodie is true to size and fits perfectly.,1
The sweater fits great and is very comfortable.,1
The hoodie is a perfect fit and very flattering.,1
This sweater fits perfectly and is true to size.,1
The hoodie fits great and is very comfortable.,1
The sweater is a perfect fit and looks great.,1
The hoodie is true to size and fits perfectly.,1
This sweater fits like a glove and is very comfortable.,1
The hoodie fits perfectly and is very flattering.,1
The sweater is true to size and fits perfectly.,1
The hoodie is a perfect fit and very comfortable.,1
This sweater fits perfectly and looks great.,1
The hoodie is true to size and fits perfectly.,1
The sweater fits great and is very comfortable.,1
The hoodie is a perfect fit and very flattering.,1
This sweater fits perfectly and is true to size.,1
The hoodie fits great and is very comfortable.,1
The sweater is a perfect fit and looks great.,1
The hoodie is true to size and fits perfectly.,1
This sweater fits like a glove and is very comfortable.,1
The hoodie fits perfectly and is very flattering.,1
The sweater is true to size and fits perfectly.,1
The hoodie is a perfect fit and very comfortable.,1
This sweater fits perfectly and looks great.,1
The hoodie is true to size and fits perfectly.,1
The sweater fits great and is very comfortable.,1
The hoodie is a perfect fit and very flattering.,1
This sweater fits perfectly and is true to size.,1
The hoodie fits great and is very comfortable.,1
The sweater is a perfect fit and looks great.,1
The hoodie is true to size and fits perfectly.,1
This sweater fits like a glove and is very comfortable.,1
The hoodie fits perfectly and is very flattering.,1
The sweater is true to size and fits perfectly.,1
The hoodie is a perfect fit and very comfortable.,1
This sweater fits perfectly and looks great.,1
The hoodie is true to size and fits perfectly.,1
The sweater fits great and is very comfortable.,1
The hoodie is a perfect fit and very flattering.,1
This sweater fits perfectly and is true to size.,1
The hoodie fits great and is very comfortable.,1
The sweater is a perfect fit and looks great.,1
The hoodie is true to size and fits perfectly.,1
This sweater fits like a glove and is very comfortable.,1
The hoodie fits perfectly and is very flattering.,1
The sweater is true to size and fits perfectly.,1
The hoodie is a perfect fit and very comfortable.,1
This sweater fits perfectly and looks great.,1
The hoodie is true to size and fits perfectly.,1
The sweater fits great and is very comfortable.,1
The hoodie is a perfect fit and very flattering.,1
This sweater fits perfectly and is true to size.,1
The hoodie fits great and is very comfortable.,1
The sweater is a perfect fit and looks great.,1
The hoodie is true to size and fits perfectly.,1
"This sweater is way too small, not true to size at all.",1
The hoodie runs much larger than expected.,1
The fit of this sweater is very awkward and unflattering.,1
The hoodie is too tight around the chest and arms.,1
This sweater is much shorter than it looks in the pictures.,1
The hoodie is very baggy and oversized.,1
The sweater shrank after the first wash and no longer fits.,1
"The hoodie is too small, especially in the sleeves.",1
The fit of this sweater is very inconsistent.,1
The hoodie is very tight and uncomfortable.,1
This sweater is way too big and looks sloppy.,1
The hoodie runs much smaller than the size chart indicates.,1
The fit of this sweater is very strange and unflattering.,1
The hoodie is too loose and doesn't stay in place.,1
This sweater is too tight around the neck.,1
The hoodie is very short and doesn't cover properly.,1
The sweater fits very poorly and is too tight.,1
The hoodie is much larger than described.,1
This sweater is too baggy and looks oversized.,1
The hoodie is too tight around the shoulders.,1
The fit of this sweater is very disappointing.,1
The hoodie shrank after washing and no longer fits.,1
This sweater is too small and uncomfortable.,1
The hoodie is very loose and keeps sliding off.,1
The sweater is too tight in the arms and chest.,1
The hoodie is much smaller than I expected.,1
The fit of this sweater is very strange and unflattering.,1
The hoodie is too baggy and looks oversized.,1
This sweater is way too tight and uncomfortable.,1
The hoodie is very short and doesn't cover properly.,1
The sweater fits very poorly and is too tight.,1
The hoodie is much larger than described.,1
This sweater is too baggy and looks sloppy.,1
The hoodie is too tight around the shoulders.,1
The fit of this sweater is very disappointing.,1
The hoodie shrank after washing and no longer fits.,1
This sweater is too small and uncomfortable.,1
The hoodie is very loose and keeps sliding off.,1
The sweater is too tight in the arms and chest.,1
The hoodie is much smaller than I expected.,1
The fit of this sweater is very strange and unflattering.,1
The hoodie is too baggy and looks oversized.,1
This sweater is way too tight and uncomfortable.,1
The hoodie is very short and doesn't cover properly.,1
The sweater fits very poorly and is too tight.,1
The hoodie is much larger than described.,1
This sweater is too baggy and looks sloppy.,1
The hoodie is too tight around the shoulders.,1
The fit of this sweater is very disappointing.,1
The hoodie shrank after washing and no longer fits.,1
This sweater is too small and uncomfortable.,1
The hoodie is very loose and keeps sliding off.,1
The sweater is too tight in the arms and chest.,1
The hoodie is much smaller than I expected.,1
The fit of this sweater is very strange and unflattering.,1
The hoodie is too baggy and looks oversized.,1
This sweater is way too tight and uncomfortable.,1
The hoodie is very short and doesn't cover properly.,1
The sweater fits very poorly and is too tight.,1
The hoodie is much larger than described.,1
This sweater is too baggy and looks sloppy.,1
The hoodie is too tight around the shoulders.,1
The fit of this sweater is very disappointing.,1
The hoodie shrank after washing and no longer fits.,1
This sweater is too small and uncomfortable.,1
The hoodie is very loose and keeps sliding off.,1
The sweater is too tight in the arms and chest.,1
The hoodie is much smaller than I expected.,1
The fit of this sweater is very strange and unflattering.,1
The hoodie is too baggy and looks oversized.,1
This sweater is way too tight and uncomfortable.,1
The hoodie is very short and doesn't cover properly.,1
The sweater fits very poorly and is too tight.,1
The hoodie is much larger than described.,1
This sweater is too baggy and looks sloppy.,1
The hoodie is too tight around the shoulders.,1
The fit of this sweater is very disappointing.,1
The hoodie shrank after washing and no longer fits.,1
This sweater is too small and uncomfortable.,1
The hoodie is very loose and keeps sliding off.,1
The sweater is too tight in the arms and chest.,1
The hoodie is much smaller than I expected.,1
The fit of this sweater is very strange and unflattering.,1
The hoodie is too baggy and looks oversized.,1
This sweater is way too tight and uncomfortable.,1
The hoodie is very short and doesn't cover properly.,1
The sweater fits very poorly and is too tight.,1
The hoodie is much larger than described.,1
This sweater is too baggy and looks sloppy.,1
The hoodie is too tight around the shoulders.,1
The fit of this sweater is very disappointing.,1
The hoodie shrank after washing and no longer fits.,1
This sweater is too small and uncomfortable.,1
The hoodie is very loose and keeps sliding off.,1
The sweater is too tight in the arms and chest.,1
The hoodie is much smaller than I expected.,1
The fit of this sweater is very strange and unflattering.,1
The hoodie is too baggy and looks oversized.,1
This sweater is way too tight and uncomfortable.,1
The hoodie is very short and doesn't cover properly.,1
This t-shirt fits perfectly and is true to size.,1
The shirt fits great and feels very comfortable.,1
I ordered my usual size and it fits like a glove.,1
This t-shirt has a perfect fit and looks great.,1
"The size is just right, not too tight or too loose.",1
This shirt is true to size and fits perfectly.,1
"The fit is amazing, exactly as described.",1
The t-shirt fits great and is very flattering.,1
"I love how this shirt fits, it's perfect.",1
The sizing is accurate and the shirt fits perfectly.,1
This t-shirt fits perfectly and is very comfortable.,1
"The fit is just right, not too tight or too loose.",1
The shirt is true to size and fits perfectly.,1
"I love the fit of this t-shirt, it's perfect.",1
The sizing is spot on and the shirt fits great.,1
This t-shirt fits perfectly and looks great.,1
"The fit is amazing, very comfortable and true to size.",1
The shirt fits perfectly and is very flattering.,1
I ordered my usual size and it fits perfectly.,1
This t-shirt is true to size and fits great.,1
The fit is perfect and the shirt is very comfortable.,1
The sizing is accurate and the shirt fits perfectly.,1
"This t-shirt fits like a glove, very comfortable.",1
"The fit is just right, not too tight or too loose.",1
The shirt is true to size and fits perfectly.,1
This t-shirt has a perfect fit and looks great.,1
The sizing is spot on and the shirt fits perfectly.,1
"The fit is amazing, very flattering and comfortable.",1
"I love the fit of this t-shirt, it's perfect.",1
The shirt fits perfectly and is very comfortable.,1
This t-shirt fits perfectly and is true to size.,1
The fit is just right and very comfortable.,1
The shirt is true to size and fits perfectly.,1
I ordered my usual size and it fits great.,1
This t-shirt has a perfect fit and looks great.,1
The sizing is accurate and the shirt fits perfectly.,1
The fit is amazing and very comfortable.,1
This t-shirt fits perfectly and is very flattering.,1
"The fit is just right, not too tight or too loose.",1
The shirt is true to size and fits perfectly.,1
This t-shirt fits perfectly and looks great.,1
The sizing is spot on and the shirt fits perfectly.,1
"The fit is amazing, very flattering and comfortable.",1
The shirt fits perfectly and is very comfortable.,1
This t-shirt is true to size and fits perfectly.,1
The fit is just right and very comfortable.,1
The sizing is accurate and the shirt fits perfectly.,1
This t-shirt has a perfect fit and looks great.,1
The fit is amazing and very comfortable.,1
The shirt fits perfectly and is very flattering.,1
I ordered my usual size and it fits perfectly.,1
This t-shirt is true to size and fits great.,1
The fit is perfect and the shirt is very comfortable.,1
The sizing is spot on and the shirt fits perfectly.,1
"This t-shirt fits like a glove, very comfortable.",1
"The fit is just right, not too tight or too loose.",1
The shirt is true to size and fits perfectly.,1
This t-shirt has a perfect fit and looks great.,1
The sizing is accurate and the shirt fits perfectly.,1
"The fit is amazing, very flattering and comfortable.",1
"I love the fit of this t-shirt, it's perfect.",1
The shirt fits perfectly and is very comfortable.,1
This t-shirt fits perfectly and is true to size.,1
The fit is just right and very comfortable.,1
The shirt is true to size and fits perfectly.,1
I ordered my usual size and it fits great.,1
This t-shirt has a perfect fit and looks great.,1
The sizing is accurate and the shirt fits perfectly.,1
The fit is amazing and very comfortable.,1
This t-shirt fits perfectly and is very flattering.,1
"The fit is just right, not too tight or too loose.",1
The shirt is true to size and fits perfectly.,1
This t-shirt fits perfectly and looks great.,1
The sizing is spot on and the shirt fits perfectly.,1
"The fit is amazing, very flattering and comfortable.",1
The shirt fits perfectly and is very comfortable.,1
This t-shirt is true to size and fits perfectly.,1
The fit is just right and very comfortable.,1
The sizing is accurate and the shirt fits perfectly.,1
This t-shirt has a perfect fit and looks great.,1
The fit is amazing and very comfortable.,1
The shirt fits perfectly and is very flattering.,1
I ordered my usual size and it fits perfectly.,1
This t-shirt is true to size and fits great.,1
The fit is perfect and the shirt is very comfortable.,1
The sizing is spot on and the shirt fits perfectly.,1
"This t-shirt fits like a glove, very comfortable.",1
"The fit is just right, not too tight or too loose.",1
The shirt is true to size and fits perfectly.,1
This t-shirt has a perfect fit and looks great.,1
The sizing is accurate and the shirt fits perfectly.,1
"The fit is amazing, very flattering and comfortable.",1
"I love the fit of this t-shirt, it's perfect.",1
The shirt fits perfectly and is very comfortable.,1
This t-shirt fits perfectly and is true to size.,1
The fit is just right and very comfortable.,1
The shirt is true to size and fits perfectly.,1
I ordered my usual size and it fits great.,1
This t-shirt has a perfect fit and looks great.,1
The sizing is accurate and the shirt fits perfectly.,1
"This t-shirt is way too small, not true to size at all.",1
The shirt is much larger than expected.,1
The fit of this t-shirt is very awkward and unflattering.,1
The shirt is too tight around the chest and arms.,1
This t-shirt is much shorter than it looks in the pictures.,1
The shirt is very baggy and oversized.,1
The t-shirt shrank after the first wash and no longer fits.,1
"The shirt is too small, especially in the sleeves.",1
The fit of this t-shirt is very inconsistent.,1
The shirt is very tight and uncomfortable.,1
This t-shirt is way too big and looks sloppy.,1
The shirt runs much smaller than the size chart indicates.,1
The fit of this t-shirt is very strange and unflattering.,1
The shirt is too loose and doesn't stay in place.,1
This t-shirt is too tight around the neck.,1
The shirt is very short and doesn't cover properly.,1
The t-shirt fits very poorly and is too tight.,1
The shirt is much larger than described.,1
This t-shirt is too baggy and looks oversized.,1
The shirt is too tight around the shoulders.,1
The fit of this t-shirt is very disappointing.,1
The shirt shrank after washing and no longer fits.,1
This t-shirt is too small and uncomfortable.,1
The shirt is very loose and keeps sliding off.,1
The t-shirt is too tight in the arms and chest.,1
The shirt is much smaller than I expected.,1
The fit of this t-shirt is very strange and unflattering.,1
The shirt is too baggy and looks oversized.,1
This t-shirt is way too tight and uncomfortable.,1
The shirt is very short and doesn't cover properly.,1
The t-shirt fits very poorly and is too tight.,1
The shirt is much larger than described.,1
This t-shirt is too baggy and looks sloppy.,1
The shirt is too tight around the shoulders.,1
The fit of this t-shirt is very disappointing.,1
The shirt shrank after washing and no longer fits.,1
This t-shirt is too small and uncomfortable.,1
The shirt is very loose and keeps sliding off.,1
The t-shirt is too tight in the arms and chest.,1
The shirt is much smaller than I expected.,1
The fit of this t-shirt is very strange and unflattering.,1
The shirt is too baggy and looks oversized.,1
This t-shirt is way too tight and uncomfortable.,1
The shirt is very short and doesn't cover properly.,1
The t-shirt fits very poorly and is too tight.,1
The shirt is much larger than described.,1
This t-shirt is too baggy and looks sloppy.,1
The shirt is too tight around the shoulders.,1
The fit of this t-shirt is very disappointing.,1
The shirt shrank after washing and no longer fits.,1
This t-shirt is too small and uncomfortable.,1
The shirt is very loose and keeps sliding off.,1
The t-shirt is too tight in the arms and chest.,1
The shirt is much smaller than I expected.,1
The fit of this t-shirt is very strange and unflattering.,1
The shirt is too baggy and looks oversized.,1
This t-shirt is way too tight and uncomfortable.,1
The shirt is very short and doesn't cover properly.,1
The t-shirt fits very poorly and is too tight.,1
The shirt is much larger than described.,1
These pants fit perfectly and are true to size.,1
The pants fit great and are very comfortable.,1
I ordered my usual size and they fit like a glove.,1
These pants have a perfect fit and look great.,1
"The size is just right, not too tight or too loose.",1
These pants are true to size and fit perfectly.,1
"The fit is amazing, exactly as described.",1
The pants fit great and are very flattering.,1
"I love how these pants fit, they're perfect.",1
The sizing is accurate and the pants fit perfectly.,1
These pants fit perfectly and are very comfortable.,1
"The fit is just right, not too tight or too loose.",1
The pants are true to size and fit perfectly.,1
"I love the fit of these pants, they're perfect.",1
The sizing is spot on and the pants fit great.,1
These pants fit perfectly and look great.,1
"The fit is amazing, very comfortable and true to size.",1
The pants fit perfectly and are very flattering.,1
I ordered my usual size and they fit perfectly.,1
These pants are true to size and fit great.,1
The fit is perfect and the pants are very comfortable.,1
The sizing is accurate and the pants fit perfectly.,1
"These pants fit like a glove, very comfortable.",1
"The fit is just right, not too tight or too loose.",1
The pants are true to size and fit perfectly.,1
These pants have a perfect fit and look great.,1
The sizing is spot on and the pants fit perfectly.,1
"The fit is amazing, very flattering and comfortable.",1
"I love the fit of these pants, they're perfect.",1
The pants fit perfectly and are very comfortable.,1
These pants fit perfectly and are true to size.,1
The fit is just right and very comfortable.,1
The pants are true to size and fit perfectly.,1
I ordered my usual size and they fit great.,1
These pants have a perfect fit and look great.,1
The sizing is accurate and the pants fit perfectly.,1
The fit is amazing and very comfortable.,1
These pants fit perfectly and are very flattering.,1
"The fit is just right, not too tight or too loose.",1
The pants are true to size and fit perfectly.,1
These pants fit perfectly and look great.,1
The sizing is spot on and the pants fit perfectly.,1
"The fit is amazing, very flattering and comfortable.",1
The pants fit perfectly and are very comfortable.,1
These pants are true to size and fit perfectly.,1
The fit is just right and very comfortable.,1
The sizing is accurate and the pants fit perfectly.,1
These pants have a perfect fit and look great.,1
The fit is amazing and very comfortable.,1
The pants fit perfectly and are very flattering.,1
I ordered my usual size and they fit perfectly.,1
These pants are true to size and fit great.,1
The fit is perfect and the pants are very comfortable.,1
The sizing is spot on and the pants fit perfectly.,1
"These pants fit like a glove, very comfortable.",1
"The fit is just right, not too tight or too loose.",1
The pants are true to size and fit perfectly.,1
These pants have a perfect fit and look great.,1
The sizing is accurate and the pants fit perfectly.,1
"The fit is amazing, very flattering and comfortable.",1
"I love the fit of these pants, they're perfect.",1
The pants fit perfectly and are very comfortable.,1
These pants fit perfectly and are true to size.,1
The fit is just right and very comfortable.,1
The pants are true to size and fit perfectly.,1
I ordered my usual size and they fit great.,1
These pants have a perfect fit and look great.,1
The sizing is accurate and the pants fit perfectly.,1
The fit is amazing and very comfortable.,1
These pants fit perfectly and are very flattering.,1
"The fit is just right, not too tight or too loose.",1
The pants are true to size and fit perfectly.,1
These pants fit perfectly and look great.,1
The sizing is spot on and the pants fit perfectly.,1
"The fit is amazing, very flattering and comfortable.",1
The pants fit perfectly and are very comfortable.,1
These pants are true to size and fit perfectly.,1
The fit is just right and very comfortable.,1
The sizing is accurate and the pants fit perfectly.,1
These pants have a perfect fit and look great.,1
The fit is amazing and very comfortable.,1
The pants fit perfectly and are very flattering.,1
I ordered my usual size and they fit perfectly.,1
These pants are true to size and fit great.,1
The fit is perfect and the pants are very comfortable.,1
The sizing is spot on and the pants fit perfectly.,1
"These pants fit like a glove, very comfortable.",1
"The fit is just right, not too tight or too loose.",1
The pants are true to size and fit perfectly.,1
These pants have a perfect fit and look great.,1
The sizing is accurate and the pants fit perfectly.,1
"The fit is amazing, very flattering and comfortable.",1
"I love the fit of these pants, they're perfect.",1
The pants fit perfectly and are very comfortable.,1
These pants fit perfectly and are true to size.,1
The fit is just right and very comfortable.,1
The pants are true to size and fit perfectly.,1
I ordered my usual size and they fit great.,1
These pants have a perfect fit and look great.,1
The sizing is accurate and the pants fit perfectly.,1
"These pants are way too small, not true to size at all.",1
The pants run much larger than expected.,1
The fit of these pants is very awkward and unflattering.,1
The pants are too tight around the waist and thighs.,1
These pants are much shorter than they look in the pictures.,1
The pants are very baggy and oversized.,1
The pants shrank after the first wash and no longer fit.,1
"The pants are too small, especially in the hips.",1
The fit of these pants is very inconsistent.,1
The pants are very tight and uncomfortable.,1
These pants are way too big and look sloppy.,1
The pants run much smaller than the size chart indicates.,1
The fit of these pants is very strange and unflattering.,1
The pants are too loose and don't stay in place.,1
These pants are too tight around the waist.,1
The pants are very short and don't cover properly.,1
The pants fit very poorly and are too tight.,1
The pants are much larger than described.,1
These pants are too baggy and look oversized.,1
The pants are too tight around the thighs.,1
The fit of these pants is very disappointing.,1
The pants shrank after washing and no longer fit.,1
These pants are too small and uncomfortable.,1
The pants are very loose and keep sliding off.,1
The pants are too tight in the hips and waist.,1
The pants are much smaller than I expected.,1
The fit of these pants is very strange and unflattering.,1
The pants are too baggy and look oversized.,1
These pants are way too tight and uncomfortable.,1
The pants are very short and don't cover properly.,1
The pants fit very poorly and are too tight.,1
The pants are much larger than described.,1
These pants are too baggy and look sloppy.,1
The pants are too tight around the thighs.,1
The fit of these pants is very disappointing.,1
The pants shrank after washing and no longer fit.,1
These pants are too small and uncomfortable.,1
The pants are very loose and keep sliding off.,1
The pants are too tight in the hips and waist.,1
The pants are much smaller than I expected.,1
The fit of these pants is very strange and unflattering.,1
The pants are too baggy and look oversized.,1
These pants are way too tight and uncomfortable.,1
The pants are very short and don't cover properly.,1
The pants fit very poorly and are too tight.,1
The pants are much larger than described.,1
These pants are too baggy and look sloppy.,1
The pants are too tight around the thighs.,1
The fit of these pants is very disappointing.,1
The pants shrank after washing and no longer fit.,1
These pants are too small and uncomfortable.,1
The pants are very loose and keep sliding off.,1
The pants are too tight in the hips and waist.,1
The pants are much smaller than I expected.,1
The fit of these pants is very strange and unflattering.,1
The pants are too baggy and look oversized.,1
These pants are way too tight and uncomfortable.,1
The pants are very short and don't cover properly.,1
The pants fit very poorly and are too tight.,1
The pants are much larger than described.,1
These pants are too baggy and look sloppy.,1
The pants are too tight around the thighs.,1
The fit of these pants is very disappointing.,1
The pants shrank after washing and no longer fit.,1
These pants are too small and uncomfortable.,1
The pants are very loose and keep sliding off.,1
The pants are too tight in the hips and waist.,1
The pants are much smaller than I expected.,1
The fit of these pants is very strange and unflattering.,1
The pants are too baggy and look oversized.,1
These pants are way too tight and uncomfortable.,1
The pants are very short and don't cover properly.,1
The pants fit very poorly and are too tight.,1
The pants are much larger than described.,1
These pants are too baggy and look sloppy.,1
The pants are too tight around the thighs.,1
The fit of these pants is very disappointing.,1
The pants shrank after washing and no longer fit.,1
These pants are too small and uncomfortable.,1
The pants are very loose and keep sliding off.,1
The pants are too tight in the hips and waist.,1
The pants are much smaller than I expected.,1
The fit of these pants is very strange and unflattering.,1
The pants are too baggy and look oversized.,1
These pants are way too tight and uncomfortable.,1
The pants are very short and don't cover properly.,1
The pants fit very poorly and are too tight.,1
The pants are much larger than described.,1
These pants are too baggy and look sloppy.,1
The pants are too tight around the thighs.,1
The fit of these pants is very disappointing.,1
The pants shrank after washing and no longer fit.,1
These pants are too small and uncomfortable.,1
The pants are very loose and keep sliding off.,1
The pants are too tight in the hips and waist.,1
The pants are much smaller than I expected.,1
The fit of these pants is very strange and unflattering.,1
The pants are too baggy and look oversized.,1
These pants are way too tight and uncomfortable.,1
The pants are very short and don't cover properly.,1
"This t-shirt is way too small, not true to size at all.",1
The shirt is much larger than expected.,1
The fit of this t-shirt is very awkward and unflattering.,1
The shirt is too tight around the chest and arms.,1
This t-shirt is much shorter than it looks in the pictures.,1
The shirt is very baggy and oversized.,1
The t-shirt shrank after the first wash and no longer fits.,1
"The shirt is too small, especially in the sleeves.",1
The fit of this t-shirt is very inconsistent.,1
The shirt is very tight and uncomfortable.,1
This t-shirt is way too big and looks sloppy.,1
The shirt runs much smaller than the size chart indicates.,1
The fit of this t-shirt is very strange and unflattering.,1
The shirt is too loose and doesn't stay in place.,1
This t-shirt is too tight around the neck.,1
The shirt is very short and doesn't cover properly.,1
The t-shirt fits very poorly and is too tight.,1
The shirt is much larger than described.,1
This t-shirt is too baggy and looks oversized.,1
The shirt is too tight around the shoulders.,1
The fit of this t-shirt is very disappointing.,1
The shirt shrank after washing and no longer fits.,1
This t-shirt is too small and uncomfortable.,1
The shirt is very loose and keeps sliding off.,1
The t-shirt is too tight in the arms and chest.,1
The shirt is much smaller than I expected.,1
The fit of this t-shirt is very strange and unflattering.,1
The shirt is too baggy and looks oversized.,1
This t-shirt is way too tight and uncomfortable.,1
The shirt is very short and doesn't cover properly.,1
The t-shirt fits very poorly and is too tight.,1
The shirt is much larger than described.,1
This t-shirt is too baggy and looks sloppy.,1
The shirt is too tight around the shoulders.,1
The fit of this t-shirt is very disappointing.,1
The shirt shrank after washing and no longer fits.,1
This t-shirt is too small and uncomfortable.,1
The shirt is very loose and keeps sliding off.,1
The t-shirt is too tight in the arms and chest.,1
"These shoes are way too small, not true to size at all.",1
The shoes run much larger than expected.,1
The fit of these shoes is very awkward and unflattering.,1
The shoes are too tight around the toes.,1
These shoes are much shorter than they look in the pictures.,1
The shoes are very baggy and oversized.,1
The shoes shrank after the first wear and no longer fit.,1
"The shoes are too small, especially in the width.",1
The fit of these shoes is very inconsistent.,1
The shoes are very tight and uncomfortable.,1
These shoes are way too big and look sloppy.,1
The shoes run much smaller than the size chart indicates.,1
The fit of these shoes is very strange and unflattering.,1
The shoes are too loose and don't stay in place.,1
These shoes are too tight around the ankles.,1
The shoes are very short and don't cover properly.,1
The shoes fit very poorly and are too tight.,1
The shoes are much larger than described.,1
These shoes are too baggy and look oversized.,1
The shoes are too tight around the arch.,1
The fit of these shoes is very disappointing.,1
The shoes shrank after a few wears and no longer fit.,1
These shoes are too small and uncomfortable.,1
The shoes are very loose and keep slipping off.,1
The shoes are too tight in the toe box.,1
The shoes are much smaller than I expected.,1
The fit of these shoes is very strange and unflattering.,1
The shoes are too baggy and look oversized.,1
These shoes are way too tight and uncomfortable.,1
The shoes are very short and don't cover properly.,1
The shoes fit very poorly and are too tight.,1
The shoes are much larger than described.,1
These shoes are too baggy and look sloppy.,1
The shoes are too tight around the arch.,1
The fit of these shoes is very disappointing.,1
The shoes shrank after a few wears and no longer fit.,1
These shoes are too small and uncomfortable.,1
The shoes are very loose and keep slipping off.,1
The shoes are too tight in the toe box.,1
The shoes are much smaller than I expected.,1
The fit of these shoes is very strange and unflattering.,1
The shoes are too baggy and look oversized.,1
These shoes are way too tight and uncomfortable.,1
The shoes are very short and don't cover properly.,1
The shoes fit very poorly and are too tight.,1
The shoes are much larger than described.,1
These shoes are too baggy and look sloppy.,1
The shoes are too tight around the arch.,1
The fit of these shoes is very disappointing.,1
The shoes shrank after a few wears and no longer fit.,1
These shoes are too small and uncomfortable.,1
The shoes are very loose and keep slipping off.,1
The shoes are too tight in the toe box.,1
The shoes are much smaller than I expected.,1
The fit of these shoes is very strange and unflattering.,1
The shoes are too baggy and look oversized.,1
These shoes are way too tight and uncomfortable.,1
The shoes are very short and don't cover properly.,1
The shoes fit very poorly and are too tight.,1
The shoes are much larger than described.,1
These shoes are too baggy and look sloppy.,1
The shoes are too tight around the arch.,1
The fit of these shoes is very disappointing.,1
The shoes shrank after a few wears and no longer fit.,1
These shoes are too small and uncomfortable.,1
The shoes are very loose and keep slipping off.,1
The shoes are too tight in the toe box.,1
The shoes are much smaller than I expected.,1
The fit of these shoes is very strange and unflattering.,1
The shoes are too baggy and look oversized.,1
These shoes are way too tight and uncomfortable.,1
The shoes are very short and don't cover properly.,1
The shoes fit very poorly and are too tight.,1
The shoes are much larger than described.,1
These shoes are too baggy and look sloppy.,1
The shoes are too tight around the arch.,1
The fit of these shoes is very disappointing.,1
The shoes shrank after a few wears and no longer fit.,1
These shoes are too small and uncomfortable.,1
The shoes are very loose and keep slipping off.,1
The shoes are too tight in the toe box.,1
The shoes are much smaller than I expected.,1
The fit of these shoes is very strange and unflattering.,1
The shoes are too baggy and look oversized.,1
These shoes are way too tight and uncomfortable.,1
The shoes are very short and don't cover properly.,1
The shoes fit very poorly and are too tight.,1
The shoes are much larger than described.,1
These shoes are too baggy and look sloppy.,1
The shoes are too tight around the arch.,1
The fit of these shoes is very disappointing.,1
The shoes shrank after a few wears and no longer fit.,1
These shoes are too small and uncomfortable.,1
The shoes are very loose and keep slipping off.,1
The shoes are too tight in the toe box.,1
The shoes are much smaller than I expected.,1
The fit of these shoes is very strange and unflattering.,1
The shoes are too baggy and look oversized.,1
These shoes are way too tight and uncomfortable.,1
The shoes are very short and don't cover properly.,1
These shoes fit perfectly and are true to size.,1
The shoes fit great and are very comfortable.,1
I ordered my usual size and they fit like a glove.,1
These shoes have a perfect fit and look great.,1
"The size is just right, not too tight or too loose.",1
These shoes are true to size and fit perfectly.,1
"The fit is amazing, exactly as described.",1
The shoes fit great and are very flattering.,1
"I love how these shoes fit, they're perfect.",1
The sizing is accurate and the shoes fit perfectly.,1
These shoes fit perfectly and are very comfortable.,1
"The fit is just right, not too tight or too loose.",1
The shoes are true to size and fit perfectly.,1
"I love the fit of these shoes, they're perfect.",1
The sizing is spot on and the shoes fit great.,1
These shoes fit perfectly and look great.,1
"The fit is amazing, very comfortable and true to size.",1
The shoes fit perfectly and are very flattering.,1
I ordered my usual size and they fit perfectly.,1
These shoes are true to size and fit great.,1
The fit is perfect and the shoes are very comfortable.,1
The sizing is accurate and the shoes fit perfectly.,1
"These shoes fit like a glove, very comfortable.",1
"The fit is just right, not too tight or too loose.",1
The shoes are true to size and fit perfectly.,1
These shoes have a perfect fit and look great.,1
The sizing is spot on and the shoes fit perfectly.,1
"The fit is amazing, very flattering and comfortable.",1
"I love the fit of these shoes, they're perfect.",1
The shoes fit perfectly and are very comfortable.,1
These shoes fit perfectly and are true to size.,1
The fit is just right and very comfortable.,1
The shoes are true to size and fit perfectly.,1
I ordered my usual size and they fit great.,1
These shoes have a perfect fit and look great.,1
The sizing is accurate and the shoes fit perfectly.,1
The fit is amazing and very comfortable.,1
These shoes fit perfectly and are very flattering.,1
"The fit is just right, not too tight or too loose.",1
The shoes are true to size and fit perfectly.,1
These shoes fit perfectly and look great.,1
The sizing is spot on and the shoes fit perfectly.,1
"The fit is amazing, very flattering and comfortable.",1
The shoes fit perfectly and are very comfortable.,1
These shoes are true to size and fit perfectly.,1
The fit is just right and very comfortable.,1
The sizing is accurate and the shoes fit perfectly.,1
These shoes have a perfect fit and look great.,1
The fit is amazing and very comfortable.,1
The shoes fit perfectly and are very flattering.,1
I ordered my usual size and they fit perfectly.,1
These shoes are true to size and fit great.,1
The fit is perfect and the shoes are very comfortable.,1
The sizing is spot on and the shoes fit perfectly.,1
"These shoes fit like a glove, very comfortable.",1
"The fit is just right, not too tight or too loose.",1
The shoes are true to size and fit perfectly.,1
These shoes have a perfect fit and look great.,1
The sizing is accurate and the shoes fit perfectly.,1
"The fit is amazing, very flattering and comfortable.",1
"I love the fit of these shoes, they're perfect.",1
The shoes fit perfectly and are very comfortable.,1
These shoes fit perfectly and are true to size.,1
The fit is just right and very comfortable.,1
The shoes are true to size and fit perfectly.,1
I ordered my usual size and they fit great.,1
These shoes have a perfect fit and look great.,1
The sizing is accurate and the shoes fit perfectly.,1
The fit is amazing and very comfortable.,1
These shoes fit perfectly and are very flattering.,1
"The fit is just right, not too tight or too loose.",1
The shoes are true to size and fit perfectly.,1
These shoes fit perfectly and look great.,1
The sizing is spot on and the shoes fit perfectly.,1
"The fit is amazing, very flattering and comfortable.",1
The shoes fit perfectly and are very comfortable.,1
These shoes are true to size and fit perfectly.,1
The fit is just right and very comfortable.,1
The sizing is accurate and the shoes fit perfectly.,1
These shoes have a perfect fit and look great.,1
The fit is amazing and very comfortable.,1
The shoes fit perfectly and are very flattering.,1
I ordered my usual size and they fit perfectly.,1
These shoes are true to size and fit great.,1
The fit is perfect and the shoes are very comfortable.,1
The sizing is spot on and the shoes fit perfectly.,1
"These shoes fit like a glove, very comfortable.",1
"The fit is just right, not too tight or too loose.",1
The shoes are true to size and fit perfectly.,1
These shoes have a perfect fit and look great.,1
The sizing is accurate and the shoes fit perfectly.,1
"The fit is amazing, very flattering and comfortable.",1
"I love the fit of these shoes, they're perfect.",1
The shoes fit perfectly and are very comfortable.,1
These shoes fit perfectly and are true to size.,1
The fit is just right and very comfortable.,1
The shoes are true to size and fit perfectly.,1
I ordered my usual size and they fit great.,1
These shoes have a perfect fit and look great.,1
The sizing is accurate and the shoes fit perfectly.,1
This sweater is incredibly soft and comfortable.,0
The hoodie is very warm and perfect for cold weather.,0
"I love the color of this sweater, it's exactly as pictured.",0
The material of this hoodie feels high quality.,0
This sweater is very stylish and well-made.,0
The hoodie is perfect for lounging around the house.,0
This sweater is lightweight yet keeps me warm.,0
The hoodie has a great design and looks fantastic.,0
I am very happy with the fabric of this sweater.,0
The hoodie washes well and doesn't lose its shape.,0
This sweater is perfect for layering.,0
"The hoodie has a nice, soft lining.",0
This sweater feels luxurious and cozy.,0
The hoodie has a great fit and is very comfortable.,0
"I love the texture of this sweater, it's very unique.",0
The hoodie has excellent craftsmanship.,0
This sweater is perfect for casual outings.,0
The hoodie keeps me warm without being too bulky.,0
This sweater is very breathable and comfortable.,0
The hoodie has a great color and doesn't fade.,0
This sweater is very versatile and can be dressed up or down.,0
The hoodie is very durable and well-made.,0
I love the pattern on this sweater.,0
The hoodie is very soft and comfortable.,0
This sweater is perfect for chilly evenings.,0
The hoodie is well-designed and stylish.,0
This sweater is very warm and cozy.,0
The hoodie is very comfortable and easy to wear.,0
This sweater is made of high-quality materials.,0
The hoodie is perfect for outdoor activities.,0
This sweater is very fashionable.,0
The hoodie is very well-constructed.,0
This sweater has a beautiful design.,0
The hoodie is very warm and comfortable.,0
This sweater is perfect for fall weather.,0
The hoodie is very soft and cozy.,0
This sweater has a great fit and feel.,0
The hoodie is very stylish and trendy.,0
This sweater is very comfortable and looks great.,0
The hoodie is very warm and snug.,0
This sweater has a unique and stylish design.,0
The hoodie is very soft and warm.,0
This sweater is very lightweight and comfortable.,0
The hoodie is very well-made and durable.,0
This sweater is perfect for layering.,0
The hoodie is very comfortable and stylish.,0
This sweater is very breathable and soft.,0
The hoodie has a great design and fit.,0
This sweater is very comfortable and well-made.,0
The hoodie is very warm and perfect for winter.,0
This sweater has a beautiful texture.,0
The hoodie is very soft and comfortable.,0
This sweater is very stylish and trendy.,0
The hoodie is very durable and well-made.,0
This sweater is very comfortable and cozy.,0
The hoodie has a great fit and feel.,0
This sweater is perfect for casual wear.,0
The hoodie is very warm and comfortable.,0
This sweater is very fashionable and stylish.,0
The hoodie is very well-constructed and durable.,0
This sweater is very lightweight and breathable.,0
The hoodie is very soft and cozy.,0
This sweater is very comfortable and stylish.,0
The hoodie is very warm and snug.,0
This sweater has a great design and fit.,0
The hoodie is very soft and comfortable.,0
This sweater is perfect for layering.,0
The hoodie is very well-made and durable.,0
This sweater is very breathable and comfortable.,0
The hoodie is very stylish and trendy.,0
This sweater is very comfortable and looks great.,0
The hoodie is very warm and perfect for cold weather.,0
This sweater is very fashionable and stylish.,0
The hoodie is very well-constructed and durable.,0
This sweater is very lightweight and comfortable.,0
The hoodie is very soft and cozy.,0
This sweater is very comfortable and stylish.,0
The hoodie is very warm and snug.,0
This sweater has a great design and fit.,0
The hoodie is very soft and comfortable.,0
This sweater is perfect for layering.,0
The hoodie is very well-made and durable.,0
This sweater is very breathable and comfortable.,0
The hoodie is very stylish and trendy.,0
This sweater is very comfortable and looks great.,0
The hoodie is very warm and perfect for cold weather.,0
This sweater is very fashionable and stylish.,0
The hoodie is very well-constructed and durable.,0
This sweater is very lightweight and comfortable.,0
The hoodie is very soft and cozy.,0
This sweater is very comfortable and stylish.,0
The hoodie is very warm and snug.,0
This sweater has a great design and fit.,0
The hoodie is very soft and comfortable.,0
This sweater is perfect for layering.,0
The hoodie is very well-made and durable.,0
This sweater is very breathable and comfortable.,0
The hoodie is very stylish and trendy.,0
This sweater is very comfortable and looks great.,0
The hoodie is very warm and perfect for cold weather.,0
The fabric of this sweater is very scratchy and uncomfortable.,0
The hoodie started pilling after just one wash.,0
This sweater has a very strange odor that won't go away.,0
The material of the hoodie feels very cheap.,0
This sweater lost its shape after the first wash.,0
The hoodie has very poor stitching and is falling apart.,0
This sweater is not warm at all.,0
The hoodie faded significantly after washing.,0
The fabric of this sweater is very thin and flimsy.,0
The hoodie arrived with a hole in it.,0
This sweater has very poor craftsmanship.,0
The hoodie material is very rough and uncomfortable.,0
This sweater started unraveling at the seams.,0
The hoodie has a very cheap zipper that broke quickly.,0
The fabric of this sweater is very stiff and uncomfortable.,0
The hoodie lost its color after a few washes.,0
This sweater is not breathable and makes me sweat.,0
The hoodie has very uneven stitching.,0
This sweater arrived with stains on it.,0
The hoodie is very poorly made.,0
The fabric of this sweater is very low quality.,0
The hoodie started falling apart after the first wash.,0
This sweater has a very strange fit.,0
The hoodie is not as described.,0
This sweater started pilling immediately.,0
The hoodie arrived with loose threads everywhere.,0
The fabric of this sweater feels like plastic.,0
The hoodie is very uncomfortable to wear.,0
This sweater has a very poor fit.,0
The hoodie is very itchy and uncomfortable.,0
This sweater lost its softness after washing.,0
The hoodie started shrinking after the first wash.,0
The fabric of this sweater is very scratchy.,0
The hoodie has a very unpleasant odor.,0
This sweater started unraveling at the seams.,0
The hoodie is very poorly stitched.,0
This sweater faded after the first wash.,0
The hoodie has a very rough texture.,0
This sweater arrived damaged with a rip in it.,0
The hoodie is very stiff and uncomfortable.,0
The fabric of this sweater is very thin.,0
The hoodie started pilling after just one wear.,0
This sweater has a very poor quality material.,0
The hoodie is very itchy and uncomfortable.,0
This sweater started falling apart after a few washes.,0
The hoodie lost its shape after washing.,0
The fabric of this sweater is very rough.,0
The hoodie arrived with a hole in it.,0
This sweater has very poor stitching.,0
The hoodie faded significantly after washing.,0
This sweater is not warm at all.,0
The hoodie has very uneven stitching.,0
This sweater started pilling immediately.,0
The hoodie is very poorly made.,0
The fabric of this sweater is very low quality.,0
The hoodie started unraveling at the seams.,0
This sweater has a very strange odor.,0
The hoodie material is very rough and uncomfortable.,0
This sweater lost its color after a few washes.,0
The hoodie is not breathable and makes me sweat.,0
The fabric of this sweater is very scratchy.,0
The hoodie has very poor craftsmanship.,0
This sweater started falling apart after the first wash.,0
The hoodie is not as described.,0
This sweater arrived with stains on it.,0
The hoodie started shrinking after the first wash.,0
The fabric of this sweater feels like plastic.,0
The hoodie has a very unpleasant odor.,0
This sweater has a very poor fit.,0
The hoodie is very uncomfortable to wear.,0
This sweater has a very poor quality material.,0
The hoodie is very stiff and uncomfortable.,0
This sweater started unraveling at the seams.,0
The hoodie started pilling after just one wear.,0
The fabric of this sweater is very thin.,0
The hoodie is very poorly stitched.,0
This sweater lost its softness after washing.,0
The hoodie has a very rough texture.,0
This sweater arrived damaged with a rip in it.,0
The hoodie is very itchy and uncomfortable.,0
The fabric of this sweater is very stiff and uncomfortable.,0
The hoodie faded after the first wash.,0
This sweater started pilling immediately.,0
The hoodie is very poorly made.,0
This sweater has very poor stitching.,0
The hoodie started falling apart after a few washes.,0
The fabric of this sweater is very rough.,0
The hoodie lost its shape after washing.,0
This sweater has a very strange fit.,0
The hoodie has a very cheap zipper that broke quickly.,0
This sweater is not breathable and makes me sweat.,0
The hoodie has very uneven stitching.,0
This sweater arrived with loose threads everywhere.,0
The hoodie started shrinking after the first wash.,0
The fabric of this sweater feels like plastic.,0
The hoodie is very uncomfortable to wear.,0
This sweater started unraveling at the seams.,0
The hoodie is very poorly stitched.,0
This sweater has a very poor quality material.,0
The hoodie is very itchy and uncomfortable.,0
This t-shirt is incredibly soft and comfortable.,0
The material of this shirt feels high quality.,0
"I love the color of this t-shirt, it's exactly as pictured.",0
This shirt is very stylish and well-made.,0
The t-shirt is perfect for casual outings.,0
This shirt is lightweight yet durable.,0
The t-shirt has a great design and looks fantastic.,0
I am very happy with the fabric of this t-shirt.,0
The shirt washes well and doesn't lose its shape.,0
This t-shirt is perfect for layering.,0
"The shirt has a nice, soft texture.",0
This t-shirt feels luxurious and comfortable.,0
The shirt has a great fit and is very comfortable.,0
I love the pattern on this t-shirt.,0
The shirt has excellent craftsmanship.,0
This t-shirt is perfect for everyday wear.,0
The shirt is very breathable and comfortable.,0
This t-shirt is very versatile and can be dressed up or down.,0
The shirt is very durable and well-made.,0
I love the fabric of this t-shirt.,0
The shirt is very soft and comfortable.,0
This t-shirt is perfect for warm weather.,0
The shirt is well-designed and stylish.,0
This t-shirt is very comfortable and looks great.,0
The shirt is very lightweight and breathable.,0
This t-shirt has a great fit and feel.,0
The shirt is very comfortable and easy to wear.,0
This t-shirt is made of high-quality materials.,0
The shirt is perfect for outdoor activities.,0
This t-shirt is very fashionable.,0
The shirt is very well-constructed.,0
This t-shirt has a beautiful design.,0
The shirt is very soft and comfortable.,0
This t-shirt is perfect for everyday wear.,0
The shirt is very lightweight and comfortable.,0
This t-shirt is very stylish and trendy.,0
The shirt is very durable and well-made.,0
This t-shirt is very comfortable and looks great.,0
The shirt is very breathable and soft.,0
This t-shirt is very lightweight and breathable.,0
The shirt is very comfortable and stylish.,0
This t-shirt is very lightweight and comfortable.,0
The shirt is very breathable and soft.,0
This t-shirt is very comfortable and stylish.,0
The shirt is very lightweight and breathable.,0
This t-shirt is very comfortable and looks great.,0
The shirt is very soft and comfortable.,0
This t-shirt is very lightweight and breathable.,0
The shirt is very comfortable and stylish.,0
This t-shirt is very lightweight and comfortable.,0
The shirt is very breathable and soft.,0
This t-shirt is very comfortable and looks great.,0
The shirt is very soft and comfortable.,0
This t-shirt is very lightweight and breathable.,0
The shirt is very comfortable and stylish.,0
This t-shirt is very lightweight and comfortable.,0
The shirt is very breathable and soft.,0
This t-shirt is very comfortable and looks great.,0
The shirt is very soft and comfortable.,0
This t-shirt is very lightweight and breathable.,0
The shirt is very comfortable and stylish.,0
This t-shirt is very lightweight and comfortable.,0
The shirt is very breathable and soft.,0
This t-shirt is very comfortable and looks great.,0
The shirt is very soft and comfortable.,0
This t-shirt is very lightweight and breathable.,0
The shirt is very comfortable and stylish.,0
This t-shirt is very lightweight and comfortable.,0
The shirt is very breathable and soft.,0
This t-shirt is very comfortable and looks great.,0
The shirt is very soft and comfortable.,0
This t-shirt is very lightweight and breathable.,0
The shirt is very comfortable and stylish.,0
This t-shirt is very lightweight and comfortable.,0
The shirt is very breathable and soft.,0
This t-shirt is very comfortable and looks great.,0
The shirt is very soft and comfortable.,0
This t-shirt is very lightweight and breathable.,0
The shirt is very comfortable and stylish.,0
This t-shirt is very lightweight and comfortable.,0
The shirt is very breathable and soft.,0
This t-shirt is very comfortable and looks great.,0
The shirt is very soft and comfortable.,0
This t-shirt is very lightweight and breathable.,0
The shirt is very comfortable and stylish.,0
This t-shirt is very lightweight and comfortable.,0
The shirt is very breathable and soft.,0
This t-shirt is very comfortable and looks great.,0
The shirt is very soft and comfortable.,0
This t-shirt is very lightweight and breathable.,0
The shirt is very comfortable and stylish.,0
This t-shirt is very lightweight and comfortable.,0
The shirt is very breathable and soft.,0
This t-shirt is very comfortable and looks great.,0
The shirt is very soft and comfortable.,0
This t-shirt is very lightweight and breathable.,0
The shirt is very comfortable and stylish.,0
This t-shirt is very lightweight and comfortable.,0
The shirt is very breathable and soft.,0
This t-shirt is very comfortable and looks great.,0
The fabric of this t-shirt is very scratchy and uncomfortable.,0
The shirt started pilling after just one wash.,0
This t-shirt has a very strange odor that won't go away.,0
The material of the shirt feels very cheap.,0
This t-shirt lost its shape after the first wash.,0
The shirt has very poor stitching and is falling apart.,0
This t-shirt is not comfortable at all.,0
The shirt faded significantly after washing.,0
The fabric of this t-shirt is very thin and flimsy.,0
The shirt arrived with a hole in it.,0
This t-shirt has very poor craftsmanship.,0
The shirt material is very rough and uncomfortable.,0
This t-shirt started unraveling at the seams.,0
The shirt has a very cheap feel to it.,0
The fabric of this t-shirt is very stiff and uncomfortable.,0
The shirt lost its color after a few washes.,0
This t-shirt is not breathable and makes me sweat.,0
The shirt has very uneven stitching.,0
This t-shirt arrived with stains on it.,0
The shirt is very poorly made.,0
The fabric of this t-shirt is very low quality.,0
The shirt started falling apart after the first wash.,0
This t-shirt has a very strange fit.,0
The shirt is not as described.,0
This t-shirt started pilling immediately.,0
The shirt arrived with loose threads everywhere.,0
The fabric of this t-shirt feels like plastic.,0
The shirt is very uncomfortable to wear.,0
This t-shirt has a very poor fit.,0
The shirt is very itchy and uncomfortable.,0
This t-shirt lost its softness after washing.,0
The shirt started shrinking after the first wash.,0
The fabric of this t-shirt is very scratchy.,0
The shirt has a very unpleasant odor.,0
This t-shirt started unraveling at the seams.,0
The shirt is very poorly stitched.,0
This t-shirt faded after the first wash.,0
The shirt has a very rough texture.,0
This t-shirt arrived damaged with a rip in it.,0
The shirt is very stiff and uncomfortable.,0
The fabric of this t-shirt is very thin.,0
The shirt started pilling after just one wear.,0
This t-shirt has a very poor quality material.,0
The shirt is very itchy and uncomfortable.,0
This t-shirt started falling apart after a few washes.,0
The shirt lost its shape after washing.,0
The fabric of this t-shirt is very rough.,0
The shirt arrived with a hole in it.,0
This t-shirt has very poor stitching.,0
The shirt faded significantly after washing.,0
This t-shirt is not comfortable at all.,0
The shirt has very uneven stitching.,0
This t-shirt started pilling immediately.,0
The shirt is very poorly made.,0
The fabric of this t-shirt is very low quality.,0
The shirt started unraveling at the seams.,0
This t-shirt has a very strange odor.,0
The shirt material is very rough and uncomfortable.,0
This t-shirt lost its color after a few washes.,0
The shirt is not breathable and makes me sweat.,0
The fabric of this t-shirt is very scratchy.,0
The shirt has very poor craftsmanship.,0
This t-shirt started falling apart after the first wash.,0
The shirt is not as described.,0
This t-shirt arrived with stains on it.,0
The shirt started shrinking after the first wash.,0
The fabric of this t-shirt feels like plastic.,0
The shirt has a very unpleasant odor.,0
This t-shirt has a very poor fit.,0
The shirt is very uncomfortable to wear.,0
This t-shirt has a very poor quality material.,0
The shirt is very stiff and uncomfortable.,0
This t-shirt started unraveling at the seams.,0
The shirt started pilling after just one wear.,0
The fabric of this t-shirt is very thin.,0
The shirt is very poorly stitched.,0
This t-shirt lost its softness after washing.,0
The shirt has a very rough texture.,0
This t-shirt arrived damaged with a rip in it.,0
The shirt is very itchy and uncomfortable.,0
The fabric of this t-shirt is very stiff and uncomfortable.,0
The shirt faded after the first wash.,0
This t-shirt started pilling immediately.,0
The shirt is very poorly made.,0
This t-shirt has very poor stitching.,0
The shirt started falling apart after a few washes.,0
The fabric of this t-shirt is very rough.,0
The shirt lost its shape after washing.,0
This t-shirt has a very strange fit.,0
The shirt has a very cheap feel to it.,0
This t-shirt is not breathable and makes me sweat.,0
The shirt has very uneven stitching.,0
This t-shirt arrived with loose threads everywhere.,0
The shirt started shrinking after the first wash.,0
The fabric of this t-shirt feels like plastic.,0
The shirt is very uncomfortable to wear.,0
This t-shirt started unraveling at the seams.,0
The shirt is very poorly stitched.,0
This t-shirt has a very poor quality material.,0
The shirt is very itchy and uncomfortable.,0
These pants are incredibly comfortable and fit perfectly.,0
The fabric is high quality and very durable.,0
The color is exactly as shown in the pictures.,0
These pants hold their shape well after multiple washes.,0
The stitching is strong and well-done.,0
The pants have a flattering fit and are true to size.,0
The material is soft and feels great against the skin.,0
The waistband is comfortable and doesn't dig in.,0
These pants are versatile and can be dressed up or down.,0
The pockets are deep and functional.,0
"The fabric has a nice stretch to it, making them very comfortable.",0
These pants are perfect for both work and casual wear.,0
The color doesn't fade after washing.,0
They are lightweight and perfect for warmer weather.,0
The pants are well-constructed and feel high-end.,0
"The fit is just right, not too tight or too loose.",0
The material is breathable and comfortable for all-day wear.,0
The pants arrived exactly as described.,0
These are my new favorite pair of pants.,0
The length is perfect and they don't shrink in the wash.,0
They look great and feel even better.,0
The fabric is soft but also durable.,0
These pants exceeded my expectations.,0
The design is stylish and modern.,0
They fit perfectly and are very comfortable.,0
The quality is excellent for the price.,0
The fabric is smooth and has a nice feel.,0
These pants are easy to care for and maintain.,0
The pants have a great fit and are very flattering.,0
The material is sturdy and well-made.,0
They look exactly like the picture.,0
These pants are worth every penny.,0
The waistband is stretchy and comfortable.,0
The color is vibrant and doesn't fade.,0
The pants are perfect for any occasion.,0
The fabric feels luxurious.,0
The pants fit like a glove.,0
They are extremely comfortable and stylish.,0
The material is soft and breathable.,0
The stitching is neat and strong.,0
They are very well-made and durable.,0
These pants fit perfectly and look great.,0
The fabric has a good weight and feel to it.,0
The quality of these pants is outstanding.,0
They are very flattering and comfortable.,0
The color is rich and doesn't bleed in the wash.,0
These pants are perfect for both casual and dressy occasions.,0
The material feels high-quality and substantial.,0
They are very comfortable and fit well.,0
The pants have a great fit and are true to size.,0
The fabric is soft and feels amazing.,0
They are well-made and look great.,0
These pants are very versatile.,0
The quality is top-notch.,0
They are extremely comfortable and fit well.,0
The material is durable and long-lasting.,0
The pants fit perfectly and are very stylish.,0
The color is exactly as shown in the picture.,0
The pants are comfortable and look great.,0
The fabric is high-quality and very comfortable.,0
They are well-made and fit perfectly.,0
The pants are stylish and comfortable.,0
The material is soft and durable.,0
They fit perfectly and look great.,0
The pants are very comfortable and fit well.,0
The fabric is breathable and comfortable.,0
They are well-made and stylish.,0
The pants fit perfectly and are very comfortable.,0
The material is soft and feels great.,0
They are very comfortable and look great.,0
The pants are well-made and fit perfectly.,0
The fabric is high-quality and comfortable.,0
They fit perfectly and are very stylish.,0
The pants are comfortable and well-made.,0
The material is soft and breathable.,0
They fit perfectly and are very comfortable.,0
The pants are stylish and fit well.,0
The fabric is high-quality and durable.,0
They are very comfortable and fit perfectly.,0
The pants are well-made and stylish.,0
The material is soft and feels great.,0
They fit perfectly and are very comfortable.,0
The pants are comfortable and look great.,0
The fabric is high-quality and very comfortable.,0
They are well-made and fit perfectly.,0
The pants are stylish and comfortable.,0
The material is soft and durable.,0
They fit perfectly and look great.,0
The pants are very comfortable and fit well.,0
The fabric is breathable and comfortable.,0
They are well-made and stylish.,0
The pants fit perfectly and are very comfortable.,0
The material is soft and feels great.,0
They are very comfortable and look great.,0
The pants are well-made and fit perfectly.,0
The fabric is high-quality and comfortable.,0
They fit perfectly and are very stylish.,0
The pants are comfortable and well-made.,0
The material is soft and breathable.,0
They fit perfectly and are very comfortable.,0
The material is very rough and uncomfortable.,0
The pants shrank significantly after the first wash.,0
The stitching started coming undone after just a few wears.,0
The color faded drastically after a few washes.,0
"The fit is completely off, too tight in some areas and too loose in others.",0
The pants developed holes after only a couple of wears.,0
The fabric feels cheap and flimsy.,0
The zipper broke after a few uses.,0
The waistband is too tight and uncomfortable.,0
The pants are much shorter than expected.,0
The fabric wrinkles very easily and looks messy.,0
The pockets are too shallow to be useful.,0
The pants arrived with a strange chemical smell.,0
The size runs much smaller than indicated.,0
The material started pilling almost immediately.,0
The color in the picture is much brighter than in real life.,0
The pants are too long and drag on the ground.,0
The fabric is see-through.,0
The pants arrived with stains on them.,0
The stitching is sloppy and poorly done.,0
The material stretches out too easily and loses shape.,0
The pants feel very stiff and restrictive.,0
The buttons fell off after a few wears.,0
The pants shrank in the wash and no longer fit.,0
The fabric attracts lint and hair.,0
The fit is very unflattering and awkward.,0
The material feels like plastic.,0
The color bled in the wash and stained other clothes.,0
The pants are very uncomfortable to wear for long periods.,0
The seams started unraveling after a few wears.,0
The fabric is too heavy and makes the pants hot to wear.,0
The pants arrived damaged with holes.,0
The waistband is too loose and doesnt stay up.,0
The pants make a rustling noise when I walk.,0
"The fabric has an odd, unpleasant texture.",0
The pants are much tighter than expected.,0
The material feels very cheap and low quality.,0
The color faded after the first wash.,0
The pants developed pilling after just one wear.,0
The zipper is very difficult to use.,0
The fabric wrinkles easily and requires constant ironing.,0
The pants arrived with loose threads everywhere.,0
The fit is very inconsistent and varies from pair to pair.,0
The material is not breathable and feels hot.,0
The pants are too baggy and unflattering.,0
The fabric feels scratchy against the skin.,0
The waistband started unraveling after a few wears.,0
The pants are poorly made and falling apart.,0
The color is completely different from the photo.,0
The pants are way too big despite ordering my usual size.,0
The fabric feels very rough and itchy.,0
The pants are too short and dont fit well.,0
The stitching is coming apart at the seams.,0
The material feels very thin and delicate.,0
The pants arrived with a tear in them.,0
The waistband is very uncomfortable and digs in.,0
The color faded almost immediately after washing.,0
The fabric started pilling after the first wear.,0
The pants are very uncomfortable and dont fit well.,0
The material feels very low quality and cheap.,0
The pants developed holes after just one wash.,0
The zipper broke after only a few uses.,0
The pants are much smaller than the size chart indicates.,0
The fabric feels stiff and uncomfortable.,0
The pants arrived with a strange smell.,0
The stitching is very sloppy and uneven.,0
The pants are too tight and uncomfortable.,0
The fabric is not breathable and feels hot.,0
The pants shrank in the wash and no longer fit.,0
The material started pilling almost immediately.,0
The pants are too long and drag on the ground.,0
The fabric is see-through and looks cheap.,0
The waistband is too loose and doesnt stay up.,0
The pants are poorly made and falling apart.,0
The color bled in the wash and stained other clothes.,0
The fit is very awkward and unflattering.,0
The material feels like plastic.,0
The pants make a rustling noise when I walk.,0
The fabric wrinkles very easily and looks messy.,0
The pants are too short and dont fit well.,0
The stitching is coming apart at the seams.,0
The fabric feels very rough and uncomfortable.,0
The pants are too baggy and unflattering.,0
The waistband started unraveling after a few wears.,0
The color is completely different from the photo.,0
The pants are much tighter than expected.,0
The fabric feels very cheap and low quality.,0
The pants developed pilling after just one wear.,0
The zipper is very difficult to use.,0
The pants arrived with loose threads everywhere.,0
The fit is very inconsistent and varies from pair to pair.,0
The material is too heavy and makes the pants hot to wear.,0
The pants are very uncomfortable and dont fit well.,0
The fabric wrinkles easily and requires constant ironing.,0
The pants are much smaller than the size chart indicates.,0
The material feels very thin and delicate.,0
The pants developed holes after just one wash.,0
The color faded after the first wash.,0
The pants are very uncomfortable to wear for long periods.,0
The fabric feels scratchy against the skin.,0
These shoes are incredibly comfortable and provide great support.,0
The quality of the materials is excellent.,0
The shoes fit perfectly and look stylish.,0
They are true to size and fit as expected.,0
"The cushioning is superb, making them ideal for long walks.",0
The shoes are very lightweight and breathable.,0
They are well-made and durable.,0
The color is vibrant and exactly as shown.,0
These shoes are perfect for both casual and formal occasions.,0
The soles have great grip and traction.,0
The shoes are very easy to clean and maintain.,0
They have a comfortable and snug fit.,0
The arch support is fantastic.,0
These shoes exceeded my expectations.,0
They look even better in person.,0
The shoes are very flexible and allow natural movement.,0
The craftsmanship is top-notch.,0
They are perfect for all-day wear.,0
The shoes provide excellent ankle support.,0
The insoles are very comfortable and can be worn all day.,0
These shoes are very stylish and versatile.,0
The materials used are of high quality.,0
They have a great design and look very fashionable.,0
The shoes fit like a glove.,0
They are very comfortable right out of the box.,0
The shoes provide great shock absorption.,0
They are perfect for both running and walking.,0
The laces are strong and stay tied.,0
"The shoes are very breathable, keeping feet cool.",0
The fit is perfect and they dont rub or cause blisters.,0
The shoes are very durable and long-lasting.,0
They have a sleek and modern design.,0
The shoes are very comfortable and supportive.,0
The color options are great and look stylish.,0
They are perfect for everyday wear.,0
The shoes have a very comfortable footbed.,0
They provide excellent support for high arches.,0
The shoes are very lightweight and easy to wear.,0
The quality of the stitching is excellent.,0
They fit perfectly and are very comfortable.,0
The shoes have a great grip and are non-slip.,0
They are perfect for all types of weather.,0
The shoes are very easy to put on and take off.,0
They are very comfortable for long periods of standing.,0
The shoes provide great support and cushioning.,0
They are very stylish and can be worn with any outfit.,0
The shoes are very comfortable and dont cause any pain.,0
They have a very comfortable insole.,0
The shoes are very breathable and keep feet dry.,0
They are very well-made and durable.,0
The shoes fit perfectly and provide great support.,0
They are very comfortable and dont cause blisters.,0
The shoes have a great design and look very stylish.,0
They are perfect for both work and casual wear.,0
The shoes are very lightweight and comfortable.,0
They provide excellent arch support.,0
The shoes are very comfortable and easy to wear.,0
They have a great fit and feel very supportive.,0
The shoes are very durable and long-lasting.,0
They are very comfortable and provide great cushioning.,0
The shoes have a great grip and are non-slip.,0
They are perfect for all types of activities.,0
The shoes are very stylish and versatile.,0
They have a comfortable and snug fit.,0
The shoes provide great support for the feet.,0
They are very comfortable and dont cause any pain.,0
The shoes have a very comfortable footbed.,0
They are perfect for all-day wear.,0
The shoes are very breathable and keep feet cool.,0
They are very well-made and durable.,0
The shoes fit perfectly and look stylish.,0
They have a great design and look very fashionable.,0
The shoes are very comfortable and supportive.,0
They are very lightweight and easy to wear.,0
The shoes provide excellent support for high arches.,0
They are perfect for everyday wear.,0
The shoes have a very comfortable insole.,0
They provide great support and cushioning.,0
The shoes are very comfortable for long periods of standing.,0
They are very easy to put on and take off.,0
The shoes are very breathable and keep feet dry.,0
They have a great grip and are non-slip.,0
The shoes are very comfortable and dont cause blisters.,0
They are very stylish and can be worn with any outfit.,0
The shoes provide excellent support and cushioning.,0
They are very comfortable and dont cause any pain.,0
The shoes fit perfectly and are very comfortable.,0
They have a very comfortable footbed.,0
The shoes are very breathable and keep feet cool.,0
They are very well-made and durable.,0
The shoes have a great design and look very stylish.,0
They are perfect for both work and casual wear.,0
The shoes are very lightweight and comfortable.,0
They provide excellent arch support.,0
The shoes are very comfortable and easy to wear.,0
They have a great fit and feel very supportive.,0
The shoes are very durable and long-lasting.,0
They are very comfortable and provide great cushioning.,0
The shoes have a great grip and are non-slip.,0
They are perfect for all types of activities.,0
These shoes are very uncomfortable and hurt my feet.,0
The soles started coming off after a few wears.,0
The color faded after the first use.,0
The shoes are much smaller than the size chart indicates.,0
The material feels cheap and flimsy.,0
The shoes developed holes after just a few wears.,0
The stitching started coming undone almost immediately.,0
The shoes are very stiff and hard to walk in.,0
The laces broke after just a few uses.,0
The shoes make a squeaking noise when I walk.,0
The insoles are very thin and provide no support.,0
The shoes are not breathable and make my feet sweat.,0
The shoes arrived with scuff marks and scratches.,0
The fit is very narrow and tight.,0
The shoes started falling apart after a few uses.,0
The material started peeling off after a few wears.,0
The shoes are very heavy and uncomfortable.,0
The soles have no grip and are very slippery.,0
The shoes have a strong chemical smell.,0
The shoes are very difficult to put on and take off.,0
The heel is very uncomfortable and digs into my foot.,0
The shoes caused blisters after just one wear.,0
The shoes arrived with stains on them.,0
The color bled onto my socks after wearing them.,0
The shoes are not true to size.,0
The material feels very stiff and cheap.,0
The shoes offer no arch support.,0
The shoes started to come apart at the seams.,0
The shoes are very tight and uncomfortable.,0
The soles wore out very quickly.,0
The shoes arrived damaged with a tear in them.,0
The shoes have a very strong and unpleasant odor.,0
The fit is very loose and they slip off my feet.,0
The shoes are very uncomfortable and make my feet ache.,0
The material feels very rough and scratchy.,0
The shoes are poorly made and falling apart.,0
The soles are very thin and provide no cushioning.,0
The shoes arrived with the wrong size.,0
The shoes are very narrow and pinch my feet.,0
The material is very stiff and doesn't break in.,0
The shoes make my feet feel hot and sweaty.,0
The laces are very flimsy and broke quickly.,0
The shoes caused blisters and rubbed my feet raw.,0
The color is completely different from the picture.,0
The shoes are very heavy and make walking difficult.,0
The soles are very slippery and provide no traction.,0
The shoes are very uncomfortable and offer no support.,0
The stitching is very poorly done and coming apart.,0
The shoes arrived with a very strong chemical smell.,0
The material feels very cheap and plastic-like.,0
The shoes are very tight and hard to put on.,0
The soles started to peel off after a few wears.,0
The shoes caused severe blisters and discomfort.,0
The shoes arrived with visible scuffs and marks.,0
The fit is very awkward and uncomfortable.,0
The shoes make a loud squeaking noise when I walk.,0
The material started to crack and peel after a few uses.,0
The shoes are very stiff and don't flex with my feet.,0
The soles are very thin and wore out quickly.,0
The shoes are very uncomfortable and hard to break in.,0
The shoes arrived with a strange smell.,0
The fit is very tight and narrow.,0
The shoes started falling apart after just a few wears.,0
The material feels very cheap and low quality.,0
The shoes offer no support and are very uncomfortable.,0
The shoes are very heavy and make walking difficult.,0
The soles provide no grip and are very slippery.,0
The shoes have a very strong chemical odor.,0
The shoes caused severe blisters and pain.,0
The shoes arrived with visible defects and flaws.,0
The material feels very stiff and uncomfortable.,0
The shoes are very tight and hard to put on.,0
The soles started to separate after a few uses.,0
The shoes are very uncomfortable and hurt my feet.,0
The shoes make a loud squeaking noise when I walk.,0
The material started to peel off after a few wears.,0
The shoes offer no arch support.,0
The shoes are very heavy and uncomfortable.,0
The soles have no grip and are very slippery.,0
The shoes caused blisters after just one wear.,0
The shoes arrived with scuff marks and scratches.,0
The fit is very narrow and tight.,0
The shoes are poorly made and falling apart.,0
The shoes make my feet sweat and feel hot.,0
The laces broke after just a few uses.,0
The shoes are very stiff and hard to walk in.,0
The soles wore out very quickly.,0
The shoes arrived with a strong chemical smell.,0
The shoes are very tight and uncomfortable.,0
The material feels cheap and flimsy.,0
The shoes started to come apart at the seams.,0
The shoes offer no support and are very uncomfortable.,0
The shoes are very heavy and make walking difficult.,0
The soles are very thin and provide no cushioning.,0
The shoes caused severe blisters and discomfort.,0
The shoes arrived with a tear in them.,0
The material started peeling off after a few wears.,0
The shoes are very uncomfortable and make my feet ache.,0
The soles are very slippery and provide no traction.,0
The shoes arrived with visible defects and flaws.,0
